P/E,EPS (ttm),Insider Own pct,Shs Outstand,Market Cap,Forward P/E,EPS next Y,Insider Trans pct,Shs Float,Income,PEG,EPS next Q,Inst Own pct,Short Float pct,Sales,P/S,EPS this Y pct,Short Ratio,Book/sh,P/B,EPS next Y pct,ROA pct,Cash/sh,P/C,EPS next 5Y pct,ROE pct,Dividend,P/FCF,EPS past 5Y pct,ROI pct,Beta,Dividend pct,Quick Ratio,Sales past 5Y pct,Gross Margin pct,ATR,Current Ratio,Sales Q/Q pct,Oper Margin pct,RSI (14),Debt/Eq,EPS Q/Q pct,Profit Margin pct,LT Debt/Eq,Payout pct,Price,SMA20 pct,SMA50 pct,SMA200 pct,Volume,ticker,name,sector,industry
55.17,2.3,0.4,309000000.0,38910000000.0,30.44,4.17,-15.97,304400000.0,719000000.0,5.93,0.89,90.1,0.82,5340000000.0,7.29,-31.6,1.42,15.77,8.05,12.88,7.5,4.7,27.0,9.3,14.8,0.78,67.09,12.0,10.0,1.02,0.61,1.8,5.7,53.1,2.32,2.3,8.5,15.8,68.39,0.48,14.4,13.5,0.47,30.3,127.0,3.89,8.35,28.81,1612125.0,A,"Agilent Technologies, Inc.",Healthcare,Diagnostics & Research
41.89,3.27,0.07,17059999999.999998,2334660000000.0,31.33,4.37,-6.96,16629999999.999998,57410000000.0,3.24,1.4,60.3,0.55,274519999999.99997,8.5,10.2,0.84,3.83,35.74,8.85,17.6,5.33,25.67,12.92,75.2,0.82,39.38,7.3,31.7,1.27,0.6,1.3,3.3,38.2,3.75,1.4,1.0,24.1,63.18,1.73,-3.0,20.9,1.52,24.1,136.87,4.66,9.7,30.75,120529544.0,AAPL,Apple Inc.,Technology,Consumer Electronics
24.32,4.57,0.1,1770000000.0,198400000000.0,9.13,12.19,-24.47,1760000000.0,7320000000.0,2.17,2.86,70.0,0.76,40650000000.0,4.88,42.3,1.62,8.63,12.89,16.26,6.1,4.46,24.96,11.23,203.5,5.2,24.44,36.8,21.2,0.8,4.67,0.8,10.8,68.6,2.25,1.0,52.2,28.5,63.02,5.7,2.2,18.0,5.39,100.6,111.26,3.82,6.58,18.3,5416967.0,ABBV,AbbVie Inc.,Healthcare,Drug Manufacturers - General
60.08,1.88,0.2,1770000000.0,197920000000.0,25.82,4.37,-6.81,1760000000.0,3350000000.0,4.53,1.35,75.7,0.56,32220000000.0,6.14,45.2,2.04,17.69,6.38,23.56,5.0,2.7,41.84,13.28,11.0,1.8,94.25,12.4,8.2,0.76,1.59,1.2,9.5,56.8,2.32,1.7,9.6,13.5,61.04,0.59,28.1,10.5,0.58,73.3,112.95,2.8,3.2,11.61,5028068.0,ABT,Abbott Laboratories,Healthcare,Medical Devices
31.61,8.16,0.1,634270000.0,171440000000.0,28.44,9.07,-15.16,633180000.0,5250000000.0,3.18,1.89,74.4,0.69,44730000000.0,3.83,7.3,2.26,28.23,9.14,10.26,14.6,13.06,19.76,9.93,31.6,3.52,27.0,10.6,28.9,1.12,1.36,1.5,6.1,31.8,4.95,1.5,3.5,14.8,52.54,0.0,11.0,11.7,0.0,39.7,257.94,-0.34,2.47,15.78,1625568.0,ACN,Accenture plc,Technology,Information Technology Services
48.53,3.28,0.32,369280000.0,59490000000.0,24.92,6.39,-11.2,368310000.0,1220000000.0,4.23,1.32,94.6,7.67,5600000000.0,10.62,-10.0,10.88,32.49,4.9,12.0,5.7,2.83,56.34,11.47,10.4,2.48,62.19,8.3,8.2,1.32,1.56,1.4,10.3,65.9,3.32,1.8,5.8,26.7,70.36,0.43,39.5,21.8,0.43,72.5,159.29,5.26,10.6,29.97,2469486.0,ADI,"Analog Devices, Inc.",Technology,Semiconductors
20.97,3.42,0.6,247100000.0,17640000000.0,18.97,3.78,-0.68,246050000.0,850000000.0,5.99,0.42,76.7,2.29,5780000000.0,3.05,1.1,3.63,34.35,2.09,9.4,2.9,0.02,2939.91,3.5,10.3,2.06,13.82,6.9,6.1,0.23,2.87,0.5,-0.5,86.6,1.53,0.8,-1.9,21.9,32.63,1.27,0.1,14.7,1.2,43.1,71.74,-5.0,-7.83,-6.85,2416856.0,AEE,Ameren Corporation,Utilities,Utilities - Regulated Electric
26.85,2.64,0.2,242060000.0,17500000000.0,18.56,3.82,0.0,241790000.0,638100000.0,0.42,0.75,78.1,0.76,2960000000.0,5.91,242.1,1.52,22.66,3.13,95.95,6.9,1.3,54.42,64.08,12.2,1.4,107.28,36.3,7.9,0.72,1.97,1.0,5.6,51.9,2.27,2.4,43.6,34.7,49.01,0.31,186.0,21.5,0.3,29.2,70.89,-0.9,0.01,0.32,1032940.0,AEM,Agnico Eagle Mines Limited,Basic Materials,Gold
20.95,3.86,0.01,496180000.0,39370000000.0,17.41,4.65,-3.65,495870000.0,1920000000.0,3.46,0.76,76.8,1.6,14920000000.0,2.64,0.1,2.57,41.19,1.97,7.39,2.5,1.27,63.64,6.05,9.6,2.96,16.61,3.6,5.3,0.25,3.66,0.3,-1.0,79.9,1.77,0.5,-5.8,18.2,48.24,1.59,1.6,12.9,1.38,72.3,80.97,0.43,-3.04,-3.05,3227390.0,AEP,"American Electric Power Company, Inc.",Utilities,Utilities - Regulated Electric
31.13,3.83,0.3,191900000.0,22880000000.0,25.23,4.72,-26.74,190350000.0,742000000.0,2.79,0.78,85.7,0.78,7020000000.0,3.26,2.0,1.72,30.08,3.96,1.94,3.7,3.28,36.33,11.18,14.5,1.8,17.8,12.3,9.2,0.67,1.51,1.1,9.2,35.4,2.41,1.1,1.3,14.7,49.12,0.79,23.2,11.0,0.74,43.1,119.09,-1.33,0.4,15.05,678976.0,AJG,Arthur J. Gallagher & Co.,Financial,Insurance Brokers
35.45,3.25,0.1,92300000.0,10760000000.0,24.34,4.73,-12.16,91710000.0,301700000.0,31.46,1.18,99.0,3.25,2710000000.0,3.97,-1.3,4.18,8.93,12.88,-1.6,10.4,4.59,25.09,1.13,42.0,1.28,32.09,17.3,21.1,1.11,1.11,1.7,6.1,43.6,2.49,2.3,-2.7,14.7,49.97,1.73,13.2,11.1,1.73,37.7,115.04,-0.57,0.86,10.53,928140.0,ALLE,Allegion plc,Industrials,Security & Protection Services
27.53,3.92,0.5,916000000.0,101150000000.0,19.86,5.44,-0.02,908800000.0,3620000000.0,1.72,1.26,83.2,1.17,17200000000.0,5.88,38.2,1.45,11.55,9.35,8.18,17.0,6.12,17.63,16.05,38.3,0.88,38.98,28.4,23.8,1.48,0.82,2.1,12.2,44.7,3.57,3.0,24.9,25.4,75.38,0.52,63.8,21.0,0.52,21.8,107.97,15.89,25.46,64.42,7273779.0,AMAT,"Applied Materials, Inc.",Technology,Semiconductor Equipment & Materials
20.32,12.4,0.19,585000000.0,144440000000.0,14.83,17.0,-0.32,581070000.0,7350000000.0,3.03,3.41,78.1,1.2,24990000000.0,5.78,2.0,2.78,18.73,13.46,5.15,11.7,21.57,11.69,6.7,72.1,7.04,22.04,14.0,21.2,0.75,2.79,1.9,3.1,76.7,4.85,2.3,12.0,36.7,75.98,3.13,5.0,29.4,3.12,50.1,252.03,8.13,9.23,6.72,2216075.0,AMGN,Amgen Inc.,Healthcare,Drug Manufacturers - General
35.06,3.8,0.1,298800000.0,40450000000.0,31.44,4.23,-77.58,294740000.0,1170000000.0,4.5,1.02,95.6,0.63,8320000000.0,4.86,-9.2,1.47,16.87,7.89,16.86,10.2,4.79,27.78,7.8,24.9,1.16,40.4,11.1,15.6,1.26,0.87,1.6,9.0,31.0,2.36,2.3,10.6,19.0,54.34,0.76,22.9,14.0,0.71,25.5,133.1,0.97,2.39,23.06,1040075.0,APH,Amphenol Corporation,Technology,Electronic Components
59.06,9.66,0.4,418400000.0,246850000000.0,49.36,11.56,0.0,415270000.0,4059999999.9999995,2.87,3.05,18.3,0.27,16730000000.0,14.76,1.2,1.46,39.93,14.29,23.92,14.0,12.39,46.07,20.6,25.9,2.85,95.35,17.7,16.6,1.09,0.5,2.0,15.1,47.4,14.0,2.9,32.5,27.8,77.85,0.34,70.4,24.3,0.34,13.4,570.74,13.46,22.66,49.99,1273229.0,ASML,ASML Holding N.V.,Technology,Semiconductor Equipment & Materials
15.55,1.51,3.1,418500000.0,10080000000.0,7.66,3.06,0.0,412720000.0,632000000.0,0.54,1.65,32.5,0.44,3660000000.0,2.75,68.1,0.65,7.2,3.26,28.91,4.0,3.01,7.8,28.85,10.7,0.09,19.46,46.7,7.7,0.55,0.38,2.0,-6.6,33.5,0.91,2.6,-20.7,26.4,52.21,0.96,35.8,8.1,0.9,13.3,23.45,0.71,2.31,-10.44,4094427.0,AU,AngloGold Ashanti Limited,Basic Materials,Gold
73.91,6.32,0.2,405000000.0,192510000000.0,16.7,27.95,-55.95,396590000.0,2660000000.0,9.36,6.55,83.2,0.95,23890000000.0,8.06,-2.1,2.28,58.95,7.92,6.64,3.4,18.47,25.27,7.9,11.1,14.4,31.75,5.0,7.2,1.05,3.08,1.7,28.5,56.7,9.99,1.9,12.0,16.8,72.37,1.72,49.9,11.1,1.69,196.7,466.82,6.27,12.69,35.99,1575420.0,AVGO,Broadcom Inc.,Technology,Semiconductors
25.53,6.26,0.1,83500000.0,13530000000.0,22.05,7.25,-27.1,82880000.0,526900000.0,2.86,2.08,92.1,0.67,6750000000.0,2.0,-32.8,1.16,15.98,10.0,5.86,9.1,3.36,47.53,8.93,42.8,2.48,38.72,6.7,9.8,0.96,1.55,0.9,2.2,27.2,3.56,1.3,-1.8,9.6,56.92,1.61,5.1,7.8,1.51,36.7,159.77,1.92,4.32,26.0,296649.0,AVY,Avery Dennison Corporation,Industrials,Business Equipment & Supplies
25.79,3.68,0.9,137880000.0,12970000000.0,22.63,4.19,-17.05,135750000.0,514500000.0,2.15,0.93,92.9,1.64,7790000000.0,1.66,25.4,2.78,7.05,13.45,11.41,10.6,9.32,10.17,12.0,56.8,1.24,22.52,17.5,18.8,0.77,1.31,2.0,7.2,54.0,1.89,2.0,-44.6,9.2,70.42,2.46,-40.2,6.6,2.38,32.4,94.79,5.88,6.94,16.1,692692.0,BAH,Booz Allen Hamilton Holding Corporation,Industrials,Consulting Services
56.78,1.41,0.14,511000000.0,40880000000.0,22.93,3.49,-8.22,510130000.0,733000000.0,6.38,0.75,88.6,1.39,11530000000.0,3.54,-36.9,2.27,16.77,4.77,14.5,4.7,8.53,9.38,8.9,11.3,0.98,47.47,13.2,6.5,0.64,1.22,2.1,1.2,41.1,1.66,2.6,4.2,8.6,49.99,0.76,1.2,7.9,0.67,52.0,80.01,-0.24,0.82,-4.0,2278550.0,BAX,Baxter International Inc.,Healthcare,Medical Instruments & Supplies
17.48,6.55,0.2,259800000.0,29630000000.0,15.1,7.58,-61.92,229320000.0,1730000000.0,1.81,3.39,80.8,2.75,45520000000.0,0.65,8.8,1.95,15.73,7.28,-2.89,9.9,21.95,5.22,9.63,46.8,2.2,6.91,10.3,32.8,1.52,1.92,0.5,1.6,22.6,2.93,1.1,21.4,5.1,64.33,0.47,34.2,3.8,0.31,31.7,114.5,7.51,5.27,16.65,2599803.0,BBY,"Best Buy Co., Inc.",Consumer Cyclical,Specialty Retail
21.95,1.98,0.04,904300000.0,38980000000.0,16.43,2.65,0.0,904010000.0,1790000000.0,8.58,0.6,52.9,0.38,18280000000.0,2.13,8.9,3.1,14.64,2.97,12.25,3.7,1.48,29.33,2.56,13.1,2.62,34.81,2.5,10.0,0.45,6.02,0.8,2.6,69.5,0.58,0.9,-2.6,20.1,51.06,1.66,-20.4,9.9,1.49,162.8,43.5,0.78,0.06,3.07,872306.0,BCE,BCE Inc.,Communication Services,Telecom Services
95.97,2.73,0.1,290430000.0,75020000000.0,19.55,13.4,-0.32,288940000.0,767000000.0,10.1,3.06,87.0,0.69,17120000000.000002,4.38,-27.7,1.42,81.82,3.2,6.76,1.4,9.93,26.37,9.5,3.4,3.32,44.05,-4.1,3.3,0.79,1.27,1.1,10.7,44.8,4.71,1.5,4.4,8.7,64.6,0.75,-23.7,4.5,0.72,114.5,261.9,3.31,6.99,6.06,1274071.0,BDX,"Becton, Dickinson and Company",Healthcare,Medical Instruments & Supplies
38.1,1.92,0.1,478510000.0,34090000000.000004,38.62,1.9,0.0,351760000.0,923000000.0,4.32,0.43,50.6,1.29,3350000000.0,10.19,15.9,5.18,5.02,14.58,0.53,15.5,2.07,35.37,8.82,43.3,0.72,86.97,6.0,19.9,0.78,0.98,2.1,1.4,61.4,1.62,3.7,-0.4,36.1,32.78,1.11,-14.9,27.6,0.96,36.1,73.19,-5.0,-6.42,2.44,708191.0,BF-B,Brown-Forman Corporation,Consumer Defensive,Beverages - Wineries & Distilleries
58.75,1.55,0.5,326550000.0,29700000000.0,27.32,3.34,-13.13,325230000.0,518000000.0,4.26,0.79,86.2,2.5,11400000000.0,2.61,15.2,4.76,8.84,10.33,14.26,3.1,2.37,38.53,13.81,18.5,0.6,162.31,0.2,8.0,0.42,0.66,0.7,6.0,20.7,1.85,1.1,4.7,7.7,48.74,2.67,168.2,4.5,2.66,37.8,91.3,-0.06,-2.21,14.16,1495541.0,BLL,Ball Corporation,Consumer Cyclical,Packaging & Containers
37.39,4.04,0.7,115300000.0,17700000000.0,25.07,6.03,-40.13,114820000.0,472400000.0,3.74,0.7,88.4,1.55,4600000000.0,3.85,-2.7,3.4,12.26,12.32,9.32,10.0,3.04,49.64,10.0,37.1,2.3,53.66,11.3,16.2,0.85,1.52,1.5,10.9,27.7,2.72,1.5,7.3,13.7,48.68,1.26,17.4,10.3,1.26,53.4,151.1,-0.85,1.13,13.17,505156.0,BR,"Broadridge Financial Solutions, Inc.",Technology,Information Technology Services
24.93,1.75,0.2,244520000.0,10940000000.0,11.49,3.8,-14.58,243600000.0,362000000.0,3.76,0.9,91.7,7.01,8800000000.0,1.24,-15.3,6.61,23.09,1.89,53.15,3.6,8.46,5.16,6.63,7.7,0.68,15.65,5.3,12.9,1.63,1.56,2.0,4.1,19.1,1.37,2.3,1.7,9.9,66.16,0.6,-43.1,4.1,0.59,38.6,43.6,10.34,12.22,20.08,4586542.0,BWA,BorgWarner Inc.,Consumer Cyclical,Auto Parts
47.76,42.96,0.2,6000000.0,12350000000.0,43.99,46.64,-34.62,5430000.0,251800000.0,2.84,11.61,87.4,1.89,1310000000.0,9.45,8.2,2.66,230.67,8.89,2.41,7.2,103.87,19.75,16.8,23.1,10.0,556.33,4.3,9.9,0.53,0.49,3.3,7.5,67.7,47.4,3.3,18.9,28.2,45.53,1.25,26.2,19.3,1.22,21.3,2051.58,-3.6,-0.97,9.33,38270.0,CABO,"Cable One, Inc.",Communication Services,Telecom Services
14.98,2.27,0.4,489100000.0,16730000000.0,13.05,2.61,-7.32,486570000.0,1110000000.0,2.31,0.58,85.9,1.87,11520000000.0,1.45,12.6,2.78,17.16,1.98,-0.19,5.0,0.14,246.09,6.48,13.8,1.1,15.57,10.8,7.2,0.87,3.23,0.4,4.1,29.1,0.69,0.8,6.2,15.8,42.6,1.1,44.7,9.7,0.99,37.3,34.06,-2.69,-3.81,-3.84,4216401.0,CAG,"Conagra Brands, Inc.",Consumer Defensive,Packaged Foods
16.62,3.31,0.4,293000000.0,16140000000.0,8.93,6.17,0.0,292900000.0,973000000.0,3.27,1.44,87.4,1.03,154650000000.0,0.1,-378.6,1.44,4.85,11.35,4.97,2.4,9.37,5.88,5.08,71.9,1.94,8.35,-40.6,-47.1,1.04,3.52,0.6,8.3,4.5,1.25,1.1,4.6,0.3,53.06,4.74,94.8,0.6,4.73,58.0,55.07,1.03,0.64,6.18,1995097.0,CAH,"Cardinal Health, Inc.",Healthcare,Medical Distribution
27.16,5.07,0.2,142700000.0,19850000000.0,20.58,6.69,-4.31,141670000.0,735800000.0,2.75,1.49,94.9,1.35,18050000000.0,1.1,19.4,2.17,8.68,15.86,6.75,8.6,8.66,15.89,9.87,71.0,1.6,34.74,28.6,22.2,1.07,1.16,1.3,8.4,17.2,3.27,1.5,-3.1,6.3,62.37,3.17,-2.6,4.1,3.12,29.5,137.67,4.53,3.37,15.43,750176.0,CDW,CDW Corporation,Technology,Information Technology Services
31.14,2.56,0.14,306590000.0,24450000000.0,24.77,3.22,-17.27,306020000.0,792900000.0,2.95,0.78,87.5,4.32,5550000000.0,4.4,-12.7,8.88,14.41,5.53,13.05,11.4,2.91,27.39,10.55,19.1,0.88,29.89,1.9,8.9,0.76,1.11,2.3,10.8,82.4,1.37,2.3,-4.2,16.6,59.2,0.0,350.5,14.3,0.3,27.9,79.62,1.07,4.41,10.6,964341.0,CERN,Cerner Corporation,Healthcare,Health Information Services
80.28,1.06,0.2,173940000.0,15320000000.0,69.36,1.23,-77.75,167090000.0,187200000.0,5.35,0.28,93.8,1.81,757200000.0,20.23,-10.4,3.93,8.66,9.84,17.85,9.6,2.19,38.91,15.0,13.5,0.23,89.6,13.3,13.5,1.64,0.27,4.1,11.2,74.1,2.3,4.5,37.0,17.0,61.74,0.0,106.7,24.7,0.0,20.3,85.18,2.55,10.73,32.97,702334.0,CGNX,Cognex Corporation,Technology,Scientific & Technical Instruments
27.45,3.1,0.1,248450000.0,20950000000.0,27.82,3.06,-75.71,247830000.0,780100000.0,2.82,0.52,86.1,1.76,4740000000.0,4.42,7.7,2.92,12.96,6.56,8.52,11.1,2.23,38.16,9.74,26.7,0.96,28.98,10.2,14.4,0.35,1.13,1.0,5.7,46.0,1.41,1.5,13.9,21.8,44.77,0.56,37.2,16.4,0.56,29.9,85.06,-0.92,-1.45,0.75,977557.0,CHD,"Church & Dwight Co., Inc.",Consumer Defensive,Household & Personal Products
29.14,3.36,0.2,135670000.0,13620000000.0,23.14,4.23,-31.0,134810000.0,457700000.0,5.47,0.97,96.3,9.6,15450000000.0,0.88,-11.9,10.11,13.81,7.09,17.52,9.4,1.82,53.91,5.33,26.8,2.04,55.77,6.6,20.9,0.69,2.08,1.6,2.6,15.2,2.45,1.6,9.6,3.9,57.66,0.65,-6.8,3.0,0.58,60.4,97.95,2.99,4.49,9.96,1226722.0,CHRW,"C.H. Robinson Worldwide, Inc.",Industrials,Integrated Freight & Logistics
21.97,8.98,0.4,126350000.0,24610000000.0,24.47,8.06,-54.47,125840000.0,1150000000.0,4.45,1.74,85.8,9.76,7130000000.0,3.45,16.4,8.26,8.82,22.36,-0.63,18.9,6.89,28.62,4.94,140.7,4.44,28.99,10.0,25.4,0.21,2.25,1.1,3.5,46.6,3.21,1.4,27.2,20.4,44.6,0.0,102.4,16.1,2.49,47.0,197.21,-0.83,-2.07,-5.89,1220323.0,CLX,The Clorox Company,Consumer Defensive,Household & Personal Products
21.99,2.23,0.67,4580000000.0,228890000000.0,16.99,2.89,-0.34,4530000000.0,10320000000.0,3.68,0.48,85.7,1.7,104250000000.0,2.2,11.8,4.32,18.83,2.61,14.72,3.9,2.94,16.7,5.98,12.4,0.92,18.38,12.1,9.2,1.03,1.87,0.9,9.6,68.4,1.06,0.9,-4.8,18.1,42.87,1.27,-37.4,9.9,1.22,39.8,49.13,-2.52,-2.24,12.32,22605172.0,CMCSA,Comcast Corporation,Communication Services,Entertainment
23.37,10.61,0.1,147900000.0,37340000000.0,17.99,13.78,0.0,147530000.0,1590000000.0,6.24,2.78,85.3,1.84,19560000000.0,1.91,9.5,2.43,52.06,4.76,22.24,7.8,22.0,11.28,3.74,21.6,5.4,35.1,9.9,21.6,1.13,2.18,1.3,4.2,24.8,6.34,1.9,-11.3,10.2,66.98,0.53,-15.3,8.1,0.47,49.2,248.03,7.35,8.31,25.21,2659119.0,CMI,Cummins Inc.,Industrials,Specialty Industrial Machinery
29.85,3.63,0.2,711000000.0,77560000000.0,21.92,4.94,0.0,710030000.0,2590000000.0,6.12,1.12,77.8,0.22,10880000000.0,7.13,-0.6,2.16,21.5,5.04,17.93,7.6,0.31,343.79,4.88,18.2,1.79,94.14,8.7,13.8,0.84,1.65,0.8,4.2,75.1,1.91,1.1,-11.0,33.3,40.56,0.71,-16.6,24.8,0.67,59.7,108.26,-2.72,-1.47,9.87,586500.0,CNI,Canadian National Railway Company,Industrials,Railroads
78.4,4.81,0.2,49100000.0,18430000000.0,26.87,14.03,-9.31,44620000.0,238400000.0,7.84,2.78,99.6,1.46,2430000000.0,7.58,-47.9,2.56,77.89,4.84,11.97,3.6,2.37,159.02,10.0,6.4,0.06,105.49,3.0,5.1,0.82,0.02,0.7,6.2,63.1,9.06,1.3,-1.4,12.8,60.06,0.47,-28.9,9.8,0.36,1.2,376.89,3.4,7.87,17.99,225904.0,COO,"The Cooper Companies, Inc.",Healthcare,Medical Instruments & Supplies
37.26,9.74,0.2,442950000.0,160790000000.0,33.01,10.99,-4.07,441980000.0,4320000000.0,4.34,2.41,70.1,0.87,172930000000.0,0.93,12.9,1.61,33.55,10.81,8.82,8.0,32.54,11.15,8.6,26.0,2.8,30.91,10.9,15.5,0.64,0.77,0.5,7.5,13.2,5.57,1.0,16.7,3.4,45.04,0.51,37.9,2.5,0.51,27.6,362.8,-1.25,-2.07,8.78,2122581.0,COST,Costco Wholesale Corporation,Consumer Defensive,Discount Stores
19.36,2.41,0.2,302000000.0,13960000000.0,15.2,3.07,-1.0,195270000.0,732000000.0,2.24,0.85,53.8,9.84,8850000000.0,1.58,23.6,9.32,9.17,5.08,0.89,14.4,2.41,19.33,8.64,68.1,1.48,20.17,-1.8,11.2,0.57,3.17,0.5,1.5,35.2,0.86,0.8,7.2,15.0,44.98,2.2,82.2,20.0,1.8,23.9,46.62,-1.55,-2.81,-4.84,1808469.0,CPB,Campbell Soup Company,Consumer Defensive,Packaged Foods
18.32,2.46,0.1,4230000000.0000005,189440000000.0,13.38,3.37,-10.56,4219999999.9999995,10460000000.0,2.98,0.76,74.1,0.97,48070000000.0,3.94,-6.0,1.81,9.02,5.0,6.37,11.3,7.15,6.31,6.14,28.4,1.44,20.71,8.6,20.7,0.9,3.19,1.5,0.1,64.1,0.76,1.6,-9.3,26.2,56.49,0.38,-25.2,21.8,0.25,57.4,45.11,0.55,3.78,4.84,17495888.0,CSCO,"Cisco Systems, Inc.",Technology,Communication Equipment
25.45,3.6,0.1,765000000.0,70110000000.0,20.99,4.36,-11.29,763920000.0,2780000000.0,3.81,1.01,76.7,1.06,10640000000.0,6.59,8.6,1.97,16.62,5.51,20.85,7.1,3.79,24.19,6.69,22.9,1.04,39.37,16.8,14.2,1.14,1.14,1.7,-1.2,78.5,1.86,1.8,-11.1,40.4,48.86,1.3,-11.2,26.1,1.27,28.3,91.61,-0.34,0.41,19.11,4307309.0,CSX,CSX Corporation,Industrials,Railroads
37.27,8.89,0.7,105000000.0,34920000000.0,33.54,9.88,-21.32,89870000.0,956300000.0,2.98,2.14,66.7,0.91,6930000000.0,5.04,1.6,1.82,34.27,9.67,2.21,11.9,6.67,49.66,12.5,27.8,3.51,30.87,19.1,17.0,1.48,1.06,1.7,10.1,45.8,9.16,2.1,-51.9,17.7,41.89,0.71,-42.9,13.8,0.64,27.9,331.42,-3.21,-5.64,10.25,436673.0,CTAS,Cintas Corporation,Industrials,Specialty Business Services
29.99,2.7,0.24,542000000.0,43140000000.0,20.35,3.97,-6.17,528990000.0,1470000000.0,11.95,0.9,93.8,1.48,16750000000.0,2.58,-8.4,2.72,20.55,3.94,9.84,8.3,8.58,9.43,2.51,13.5,0.88,17.5,7.0,15.4,1.19,1.09,2.6,10.3,36.1,1.65,2.6,-0.1,13.6,53.75,0.22,-28.9,8.8,0.22,31.8,80.88,0.35,2.31,22.05,2209215.0,CTSH,Cognizant Technology Solutions Corporation,Technology,Information Technology Services
27.36,4.66,0.9,123260000.0,15680000000.0,20.0,6.37,-7.48,122320000.0,599500000.0,2.56,1.33,94.6,5.03,3240000000.0,4.84,33.7,3.54,0.56,227.41,6.33,13.4,7.51,16.95,10.7,403.7,1.4,19.52,27.9,44.8,0.24,1.1,0.9,-0.9,85.0,3.65,0.9,4.7,20.4,44.82,0.0,-61.8,18.5,25.18,29.5,127.35,-2.67,0.45,-7.35,2288526.0,CTXS,"Citrix Systems, Inc.",Technology,Software - Application
12.23,6.06,0.1,1310000000.0,95430000000.0,9.83,7.54,-13.52,1310000000.0,7960000000.0,2.66,1.23,78.0,1.31,266040000000.00003,0.36,861.4,1.98,52.52,1.41,1.34,3.5,9.38,7.89,4.6,12.0,2.0,9.53,5.1,7.2,0.83,2.7,0.7,13.0,38.5,1.62,1.0,3.5,5.1,58.2,0.97,-20.6,3.0,0.89,32.9,74.08,3.25,5.15,15.45,5033225.0,CVS,CVS Health Corporation,Healthcare,Healthcare Plans
20.58,10.09,0.1,247130000.0,51330000000.0,20.68,10.04,-53.12,244510000.0,2550000000.0,1.22,2.72,95.2,0.9,32490000000.000004,1.58,12.0,1.25,28.27,7.35,-6.3,10.2,8.9,23.34,16.9,36.1,1.44,19.39,13.7,18.9,0.55,0.69,0.4,8.0,31.6,3.95,1.3,17.3,10.5,43.34,0.0,62.5,7.8,0.59,13.8,207.72,-2.05,-2.14,4.55,2085248.0,DG,Dollar General Corporation,Consumer Defensive,Discount Stores
15.51,8.07,0.4,135000000.0,16950000000.0,11.87,10.54,-47.78,134100000.0,1100000000.0,1.6,3.99,91.1,2.11,8359999999.999999,2.03,18.7,2.28,47.41,2.64,-0.88,8.5,11.85,10.56,9.72,18.7,2.24,15.53,10.2,9.4,1.05,1.79,1.3,0.8,37.0,2.83,1.4,42.4,18.4,54.93,0.71,164.5,13.2,0.63,26.5,125.18,2.15,1.75,7.41,1070324.0,DGX,Quest Diagnostics Incorporated,Healthcare,Diagnostics & Research
56.07,4.16,0.5,710900000.0,165550000000.0,32.07,7.27,-13.81,630250000.0,2990000000.0,2.9,1.87,81.6,0.78,18360000000.0,9.02,-2.2,1.89,48.8,4.78,20.03,5.2,8.01,29.11,19.37,11.3,0.72,42.25,7.6,4.7,0.7,0.31,1.7,6.8,55.0,4.91,2.1,34.4,21.3,52.27,0.63,38.8,19.4,0.63,13.9,233.1,0.86,2.28,16.68,2379793.0,DHR,Danaher Corporation,Healthcare,Diagnostics & Research
27.21,4.59,0.4,144030000.0,18230000000.0,20.06,6.23,-13.55,142820000.0,669500000.0,7.17,1.38,85.7,1.26,6680000000.0,2.73,19.5,2.38,22.54,5.54,13.38,7.5,2.93,42.65,3.8,21.7,1.98,30.86,0.0,12.9,1.31,1.58,1.0,-1.6,37.3,2.43,1.5,-4.2,13.7,49.33,0.97,-1.6,10.0,0.94,42.4,124.98,-0.68,0.96,15.97,526573.0,DOV,Dover Corporation,Industrials,Specialty Industrial Machinery
32.51,4.49,0.2,289000000.0,42320000000.0,24.48,5.96,-59.2,288940000.0,1310000000.0,2.36,2.95,93.5,3.04,5590000000.0,7.57,209.4,2.91,27.94,5.22,9.19,11.7,20.8,7.02,13.79,17.2,0.68,22.16,30.8,35.2,0.91,0.47,2.7,4.2,75.8,3.47,2.7,-14.6,24.7,63.7,0.12,-78.1,23.5,0.05,0.0,145.97,3.8,10.22,13.17,3014038.0,EA,Electronic Arts Inc.,Communication Services,Electronic Gaming & Multimedia
17.88,3.15,3.5,696000000.0,38770000000.0,15.22,3.71,-1.35,664010000.0,2320000000.0,0.99,0.83,94.4,3.77,10220000000.0,3.79,0.5,2.88,4.2,13.43,9.13,43.6,5.14,10.97,18.07,304.8,0.64,28.14,38.1,17.4,1.19,1.13,1.8,4.2,76.7,1.41,1.8,25.1,26.0,65.35,2.66,249.6,80.5,2.65,5.6,56.4,6.4,10.23,12.54,5265856.0,EBAY,eBay Inc.,Consumer Cyclical,Internet Retail
17.1,4.04,0.1,334500000.0,23270000000.0,15.43,4.48,0.66,334340000.0,1350000000.0,6.72,0.79,64.9,2.61,12240000000.0,1.9,-10.4,3.47,55.29,1.25,6.16,2.3,0.45,152.09,2.54,7.4,3.06,13.8,1.9,6.0,0.16,4.43,0.5,-0.5,82.8,1.43,0.6,-1.0,22.2,41.63,1.24,3.5,11.1,1.04,74.8,69.15,-1.28,-6.6,-8.62,2241685.0,ED,"Consolidated Edison, Inc.",Utilities,Utilities - Regulated Electric
49.59,3.6,0.1,121500000.0,21790000000.0,27.66,6.45,-19.27,121180000.0,441900000.0,5.22,1.81,91.2,1.19,3910000000.0,5.57,-233.6,1.67,24.11,7.4,-3.14,5.3,12.58,14.19,9.5,16.7,1.56,75.95,-25.5,-5.0,1.33,0.87,1.0,7.6,58.1,3.97,1.0,22.0,14.2,43.58,1.49,174.9,11.3,1.12,42.9,178.49,-4.31,0.22,10.06,456846.0,EFX,Equifax Inc.,Industrials,Consulting Services
30.62,3.46,0.3,135300000.0,14580000000.0,14.75,7.18,-15.76,134710000.0,472000000.0,8.0,1.5,87.6,1.16,8490000000.0,1.72,-26.1,1.78,44.9,2.36,21.84,2.9,4.72,22.43,3.83,7.8,2.76,15.02,2.0,8.3,1.54,2.61,1.2,-0.5,22.9,2.58,2.0,-8.7,8.5,57.03,0.97,-38.8,5.6,0.9,74.8,105.92,2.3,5.44,33.59,708938.0,EMN,Eastman Chemical Company,Basic Materials,Chemicals
25.97,3.25,0.5,597200000.0,50750000000.0,21.27,3.96,-0.94,594000000.0,1970000000.0,8.74,0.68,76.4,1.24,16790000000.0,3.02,-12.8,2.6,14.07,5.99,12.81,9.0,5.5,15.31,2.97,24.4,2.02,37.99,-2.7,13.5,1.57,2.4,1.2,0.7,41.8,1.91,1.5,-8.3,14.9,62.53,0.89,3.6,11.7,0.75,61.3,84.26,3.66,6.14,25.76,1796951.0,EMR,Emerson Electric Co.,Industrials,Specialty Industrial Machinery
58.21,1.95,0.7,134960000.0,15480000000.0,40.04,2.84,-18.59,133930000.0,265800000.0,2.89,0.66,99.1,1.18,1770000000.0,8.75,10.2,2.11,9.65,11.77,14.45,9.9,3.29,34.55,20.14,21.8,0.32,69.53,101.4,14.2,1.29,0.28,3.3,10.6,46.2,3.13,4.6,22.1,20.6,78.09,0.83,94.9,15.0,0.83,16.2,113.56,13.51,19.55,56.78,1290244.0,ENTG,"Entegris, Inc.",Technology,Semiconductor Equipment & Materials
22.55,0.52,0.9,3330000000.0,39770000000.0,16.65,0.71,0.0,3250000000.0,1730000000.0,0.84,0.22,10.2,0.24,27580000000.0,1.44,133.9,1.3,3.0,3.92,20.44,5.1,1.93,6.08,26.82,17.8,0.16,40.84,-28.4,2.8,0.45,1.36,1.0,-0.1,39.6,0.2,1.3,0.6,10.0,45.5,0.56,185.5,6.3,0.36,193.5,11.77,-0.85,-1.98,10.89,4331758.0,ERIC,Telefonaktiebolaget LM Ericsson (publ),Technology,Communication Equipment
48.39,4.97,0.8,52290000.0,11180000000.0,40.53,5.93,0.0,24750000.0,290100000.0,4.84,1.21,35.7,3.49,2520000000.0,4.43,9.9,9.52,23.85,10.08,4.49,14.1,4.94,48.66,10.0,24.7,4.14,113.64,13.7,22.5,0.43,1.72,1.3,12.0,13.5,6.66,1.3,2.3,13.4,44.04,0.08,-5.2,11.5,0.08,68.4,240.32,-3.33,0.53,15.31,42898.0,ERIE,Erie Indemnity Company,Financial,Insurance Brokers
13.58,6.9,0.1,200220000.0,18510000000.0,15.79,5.93,-2.26,199700000.0,1390000000.0,2.54,0.66,88.4,1.46,10210000000.0,1.81,36.1,2.22,53.8,1.74,5.18,2.6,6.27,14.93,5.35,13.3,3.8,8.31,3.8,5.2,0.52,4.06,0.4,-2.7,89.5,1.97,0.6,-7.5,18.3,36.82,2.05,42.2,13.6,1.82,53.7,93.67,-2.32,-8.74,-6.69,1171737.0,ETR,Entergy Corporation,Utilities,Utilities - Diversified
25.33,3.71,0.2,168310000.0,16129999999.999998,23.29,4.04,-71.28,168210000.0,634800000.0,2.98,1.07,95.6,2.09,8990000000.0,1.79,-5.4,3.15,14.87,6.32,1.18,16.5,8.54,11.01,8.49,28.6,1.04,29.5,12.1,25.6,0.76,1.11,2.3,4.5,30.5,1.96,2.3,18.8,9.3,52.67,0.0,21.3,7.1,0.0,27.1,94.03,-0.25,2.63,11.87,637054.0,EXPD,"Expeditors International of Washington, Inc.",Industrials,Integrated Freight & Logistics
32.92,1.46,0.32,573900000.0,27560000000.0,31.26,1.54,-7.99,572190000.0,841700000.0,4.06,0.33,81.0,2.67,5570000000.0,4.95,6.6,4.97,5.03,9.58,4.4,21.1,0.58,83.07,8.11,30.6,1.0,94.68,10.6,26.7,1.23,2.08,2.2,7.4,45.8,1.24,4.4,2.5,20.1,42.62,0.14,3.4,15.1,0.13,66.1,48.17,-3.05,-1.07,9.33,4075285.0,FAST,Fastenal Company,Industrials,Industrial Distribution
26.23,3.51,0.4,138600000.0,12940000000.0,19.36,4.76,-48.75,138360000.0,493600000.0,2.87,1.16,90.0,1.02,5900000000.0,2.19,13.2,1.39,18.97,4.86,16.07,7.8,3.31,27.87,9.15,20.0,1.04,23.79,13.3,12.0,1.64,1.13,1.2,7.5,35.5,2.54,1.9,13.2,12.9,64.21,0.79,56.3,8.4,0.79,26.5,92.15,5.31,7.98,24.18,836252.0,FBHS,"Fortune Brands Home & Security, Inc.",Consumer Cyclical,"Furnishings, Fixtures & Appliances"
33.03,9.83,0.1,38010000.0,12430000000.0,27.41,11.85,-42.73,37460000.0,380200000.0,5.5,2.73,92.5,1.85,1520000000.0,8.2,7.4,3.28,25.06,12.96,5.97,19.1,15.11,21.49,6.0,45.3,3.08,39.1,11.1,26.2,0.74,0.95,3.5,8.2,52.6,7.08,3.5,5.9,29.5,44.33,0.6,7.4,25.1,0.6,30.2,324.72,-1.3,-2.33,0.45,224053.0,FDS,FactSet Research Systems Inc.,Financial,Financial Data & Stock Exchanges
27.61,9.2,5.6,264000000.0,68300000000.0,13.53,18.77,-0.9,244810000.0,2450000000.0,0.98,3.33,73.3,1.13,74730000000.0,0.91,179.9,0.9,79.69,3.19,7.38,3.2,31.0,8.19,28.14,12.6,2.6,31.86,6.1,5.0,1.29,1.02,1.7,7.8,70.5,6.45,1.8,18.7,5.3,41.62,1.11,113.3,3.3,1.1,27.9,253.94,-1.13,-7.1,23.51,1951159.0,FDX,FedEx Corporation,Industrials,Integrated Freight & Logistics
26.42,4.35,0.4,129889999.99999999,15130000000.0,15.44,7.45,-33.96,128949999.99999999,568200000.0,2.63,1.78,91.7,0.69,4690000000.0,3.23,3.7,1.44,22.67,5.07,13.3,5.0,2.26,50.92,10.05,18.2,1.92,36.86,13.4,12.3,0.98,1.67,1.2,7.2,44.9,3.14,1.7,6.9,18.5,44.43,1.09,17.0,10.6,1.03,44.8,115.0,-1.76,-0.72,9.55,1047648.0,FMC,FMC Corporation,Basic Materials,Agricultural Inputs
127.34,0.58,79.8,357820000.0,24270000000.0,32.32,2.29,0.0,354240000.0,208100000.0,27.09,0.88,33.5,0.29,25140000000.0,0.97,401.8,1.88,34.98,2.12,314.65,1.0,21.41,3.46,4.7,2.8,1.52,13.68,44.0,8.3,1.01,2.05,1.4,14.0,38.3,1.78,1.7,-66.2,5.8,47.61,1.11,-79.7,1.4,1.0,0.0,74.11,-1.2,-0.1,16.2,248824.0,FMX,"Fomento Economico Mexicano, S.A.B. de C.V.",Consumer Defensive,Beverages - Brewers
13.7,11.02,0.4,286450000.0,43610000000.0,13.25,11.4,-1.12,270060000.0,3190000000.0,4.17,3.54,87.0,1.43,38220000000.0,1.14,6.7,2.66,51.37,2.94,3.11,6.3,5.09,29.69,3.29,23.0,4.4,30.84,8.9,15.2,1.04,2.91,0.9,5.0,16.9,3.05,1.3,-3.4,11.0,50.06,0.91,-7.5,8.3,0.68,38.3,151.06,0.6,0.09,3.68,1395403.0,GD,General Dynamics Corporation,Industrials,Aerospace & Defense
43.55,1.75,0.8,167100000.0,13020000000.0,36.62,2.08,-49.96,165650000.0,300600000.0,5.44,0.51,87.0,1.1,1590000000.0,8.17,1.8,2.92,6.98,10.91,12.8,15.8,2.49,30.65,8.0,28.4,0.75,66.23,10.5,30.3,0.57,0.98,2.4,6.2,51.5,1.69,3.3,9.7,22.9,64.27,0.27,35.7,18.9,0.24,38.1,76.17,3.74,8.32,31.58,462671.0,GGG,Graco Inc.,Industrials,Specialty Industrial Machinery
69.63,0.96,0.11,1260000000.0,82730000000.0,9.96,6.73,-0.01,1250000000.0,1270000000.0,41.08,1.91,80.1,1.72,23150000000.0,3.57,1.1,2.16,13.9,4.82,-0.84,2.1,19.41,3.45,1.7,6.3,2.72,17.35,-10.5,9.5,0.45,4.06,3.1,-2.0,79.0,1.47,3.3,17.4,10.9,71.84,1.68,131.0,5.5,1.59,271.6,66.98,10.42,10.83,-1.9,8145642.0,GILD,"Gilead Sciences, Inc.",Healthcare,Drug Manufacturers - General
14.19,3.9,0.2,614800000.0,33509999999.999996,14.76,3.75,-2.96,610470000.0,2410000000.0,2.89,0.84,76.8,3.28,18290000000.0,1.83,23.4,5.5,13.91,3.97,-0.11,7.7,4.26,12.97,4.91,29.5,2.04,17.63,12.5,12.0,0.56,3.69,0.6,0.0,35.5,1.11,0.8,6.8,18.4,33.7,1.63,17.1,13.2,1.28,50.4,55.29,-3.95,-6.51,-9.25,3060134.0,GIS,"General Mills, Inc.",Consumer Defensive,Packaged Foods
184.17,0.21,0.1,764010000.0,29160000000.0,20.0,1.9,-43.78,761470000.0,194000000.0,46.04,0.48,77.1,1.3,10770000000.0,2.71,-5.7,2.53,13.63,2.78,38.16,0.7,3.27,11.6,4.0,1.9,0.88,38.12,-9.2,5.7,1.2,2.32,1.4,3.4,29.5,0.9,2.1,2.3,6.3,57.95,0.78,27.8,1.8,0.76,336.1,37.94,3.26,3.37,25.01,2823868.0,GLW,Corning Incorporated,Technology,Electronic Components
13.92,1.7,0.1,1780000000.0,43070000000.0,16.21,1.46,0.0,1770000000.0,3030000000.0,0.36,0.33,72.1,0.73,12200000000.0,3.53,270.5,0.66,12.82,1.85,27.49,6.7,2.61,9.08,38.55,13.8,0.36,19.35,23.8,18.7,0.17,1.52,3.3,-1.0,37.8,0.61,4.5,32.2,52.5,49.92,0.23,-61.7,24.8,0.23,15.9,23.68,0.79,-0.95,-9.72,14083571.0,GOLD,Barrick Gold Corporation,Basic Materials,Gold
112.92,1.68,0.3,299260000.0,57430000000.0,23.49,8.06,-14.41,297440000.0,504600000.0,7.8,1.8,90.8,1.58,7480000000.0,7.68,-19.7,2.66,92.72,2.04,25.89,1.1,7.32,25.86,14.47,1.8,0.78,50.74,1.0,1.9,1.14,0.41,1.1,12.1,49.8,4.92,1.1,73.4,11.2,37.63,0.35,37.4,6.7,0.3,46.3,189.26,-6.48,-3.82,6.61,1469275.0,GPN,Global Payments Inc.,Industrials,Specialty Business Services
23.26,5.32,0.3,191230000.0,23650000000.0,24.25,5.1,-3.9,149820000.0,1020000000.0,4.15,1.39,52.1,1.06,3940000000.0,6.01,36.4,1.95,26.69,4.64,6.6,16.3,8.66,14.3,5.6,20.8,2.44,72.11,21.6,19.0,0.98,1.97,2.2,5.5,59.2,1.94,3.0,18.7,24.4,65.77,0.0,36.8,25.9,0.0,44.2,123.78,2.72,4.35,23.11,481690.0,GRMN,Garmin Ltd.,Technology,Scientific & Technical Instruments
10.9,3.47,0.2,2490000000.0,93860000000.0,12.27,3.08,0.0,2460000000.0,8720000000.0,3.3,0.64,11.9,0.53,46890000000.0,2.0,31.6,2.63,7.85,4.81,0.98,7.7,2.41,15.71,3.3,48.7,2.03,23.85,10.3,14.3,0.7,5.37,0.6,8.0,68.1,0.57,0.9,-7.9,25.2,52.09,1.98,-20.4,18.6,1.63,0.0,37.78,0.99,0.98,-3.71,4305520.0,GSK,GlaxoSmithKline plc,Healthcare,Drug Manufacturers - General
33.43,11.7,0.3,53600000.0,20710000000.0,21.25,18.41,-45.04,46340000.0,630000000.0,5.77,3.82,73.7,1.65,11700000000.0,1.77,12.1,2.36,39.76,9.84,12.69,9.3,16.23,24.11,5.8,32.6,6.12,40.05,6.3,23.3,1.16,1.56,1.7,2.9,36.7,8.85,3.0,2.4,7.9,44.07,1.13,3.9,5.4,1.12,49.8,391.15,-2.32,-3.38,12.68,316550.0,GWW,"W.W. Grainger, Inc.",Industrials,Industrial Distribution
33.92,2.86,0.2,137260000.0,13570000000.0,21.61,4.49,-51.42,126540000.0,384700000.0,3.81,1.13,83.2,3.74,5170000000.0,2.62,96.8,4.77,20.21,4.8,24.63,3.8,8.1,11.98,8.9,13.9,2.72,52.66,4.8,8.2,0.97,2.8,1.4,2.0,56.6,2.44,1.6,12.8,9.8,57.62,1.86,-4.0,7.4,1.72,94.7,97.0,2.08,4.98,20.11,706539.0,HAS,"Hasbro, Inc.",Consumer Cyclical,Leisure
24.12,11.57,0.1,1080000000.0,292520000000.0,22.51,12.4,-24.54,1080000000.0,12490000000.0,2.87,2.55,71.5,0.71,125630000000.0,2.33,6.1,1.91,1.43,195.14,4.95,20.8,13.98,19.96,8.41,-910.8,6.0,24.65,16.8,43.6,1.03,2.15,0.7,5.8,34.0,5.13,1.4,23.2,14.0,60.95,23.01,25.8,9.9,21.39,50.4,279.05,3.47,3.07,7.21,4401230.0,HD,"The Home Depot, Inc.",Consumer Cyclical,Home Improvement Retail
57.55,2.29,6.6,134990000.0,16989999999.999998,48.55,2.71,-0.7,115110000.0,314000000.0,12.22,0.48,72.9,1.12,1790000000.0,9.51,-4.2,3.26,14.67,8.97,21.19,9.3,3.15,41.74,4.71,16.7,0.16,46.59,17.8,12.8,1.23,0.12,2.9,8.5,38.2,3.09,4.8,-21.3,21.1,46.28,0.37,-27.2,17.6,0.37,6.9,131.61,-1.76,-0.01,21.55,519031.0,HEI,HEICO Corporation,Industrials,Aerospace & Defense
30.49,6.73,0.15,702600000.0,145850000000.0,26.0,7.89,-5.23,700620000.0,4820000000.0,11.58,2.0,78.5,0.71,33229999999.999996,4.39,-4.4,1.63,25.72,7.98,12.26,8.2,21.12,9.72,2.63,27.5,3.72,57.76,8.5,17.2,1.15,1.81,1.4,-1.9,32.2,3.48,1.6,-14.2,18.3,44.73,1.23,-48.6,15.0,0.98,51.2,205.23,-1.94,-1.1,22.94,2705893.0,HON,Honeywell International Inc.,Industrials,Specialty Industrial Machinery
27.24,1.66,0.1,539730000.0,23940000000.0,24.12,1.88,-21.2,281940000.0,908100000.0,6.73,0.41,44.9,8.04,9610000000.0,2.49,-7.5,11.05,11.91,3.8,6.35,10.0,3.27,13.83,4.05,14.6,0.98,87.67,5.5,11.6,-0.06,2.17,1.7,0.7,19.0,0.8,2.4,-3.3,11.5,42.54,0.2,-9.0,9.5,0.16,53.8,45.25,-1.24,-4.82,-7.09,2257250.0,HRL,Hormel Foods Corporation,Consumer Defensive,Packaged Foods
26.14,5.7,0.2,208300000.0,30790000000.0,22.61,6.59,-5.6,147290000.0,1190000000.0,3.37,1.43,76.8,1.22,8029999999.999999,3.83,-1.6,2.17,9.92,15.02,5.8,13.6,5.83,25.54,7.77,66.1,3.22,36.38,7.7,21.8,0.3,2.16,1.0,1.5,45.5,2.33,1.4,4.0,20.0,46.79,2.39,38.9,14.9,1.98,54.5,148.98,-0.8,-0.87,4.88,826515.0,HSY,The Hershey Company,Consumer Defensive,Confectioners
39.94,4.9,0.2,75710000.0,15200000000.0,34.52,5.66,-73.64,75500000.0,373200000.0,3.07,1.3,99.2,0.93,2340000000.0,6.49,6.3,1.68,31.8,6.15,10.52,9.3,11.29,17.32,13.0,16.3,2.0,43.03,10.0,15.1,1.07,1.02,3.0,3.0,43.8,4.66,3.7,-6.9,22.0,46.59,0.44,-0.5,15.9,0.44,40.4,195.53,-1.88,-0.1,12.11,408906.0,IEX,IDEX Corporation,Industrials,Specialty Industrial Machinery
41.0,2.16,0.1,397800000.0,36690000000.0,25.32,3.5,-15.67,394250000.0,870700000.0,3.76,0.7,91.3,0.84,4290000000.0,8.56,24.6,1.05,21.6,4.11,11.07,4.9,0.38,234.01,10.9,9.6,0.68,60.63,9.9,5.6,1.04,0.77,0.7,15.1,62.9,2.03,0.7,-3.5,30.4,51.28,0.58,316.2,18.7,0.55,8.4,88.68,0.9,-1.47,12.2,3327178.0,INFO,IHS Markit Ltd.,Industrials,Consulting Services
12.25,5.1,0.05,4190000000.0000005,263380000000.0,13.83,4.52,0.07,4099999999.9999995,21950000000.0,2.43,1.1,66.5,1.67,78100000000.0,3.37,6.6,1.64,17.8,3.51,-7.72,15.1,4.33,14.43,5.03,28.3,1.32,17.86,15.2,17.8,0.7,2.11,1.2,5.2,56.5,2.19,1.7,-4.5,31.5,78.96,0.49,-24.9,28.1,0.48,25.3,62.46,21.09,26.32,16.64,87156464.0,INTC,Intel Corporation,Technology,Semiconductors
51.26,7.45,0.2,263000000.0,98820000000.0,39.25,9.73,-40.05,255040000.0,1970000000.0,4.75,1.28,88.4,0.79,7840000000.0,12.61,17.3,1.56,19.94,19.14,15.75,22.4,22.38,17.06,10.79,41.8,2.36,50.7,36.8,21.3,1.0,0.62,3.1,12.9,82.9,9.42,3.1,13.6,30.3,57.45,0.45,246.1,25.1,0.39,28.2,381.75,1.97,4.52,20.09,1736759.0,INTU,Intuit Inc.,Technology,Software - Application
41.23,1.25,0.24,393100000.0,20200000000.0,13.74,3.76,-5.17,392170000.0,495000000.0,17.03,0.8,85.6,1.72,20840000000.0,0.97,-21.8,2.52,18.04,2.86,32.67,1.5,14.14,3.65,2.42,6.9,2.05,14.59,18.4,8.6,1.08,3.97,1.1,-1.1,31.0,1.31,1.3,-8.0,6.4,57.38,1.23,-40.6,2.4,1.2,163.1,51.66,2.53,4.03,28.37,2961159.0,IP,International Paper Company,Consumer Cyclical,Packaging & Containers
30.92,6.59,0.2,316500000.0,65220000000.0,26.58,7.67,-25.23,315820000.0,2109999999.9999998,9.3,1.78,80.2,1.16,12570000000.0,5.19,1.8,3.38,8.52,23.92,20.11,14.4,6.78,30.07,3.32,81.4,4.56,54.58,10.6,24.8,1.09,2.24,1.9,-0.5,41.1,4.0,2.4,-4.9,22.5,46.5,2.95,-10.1,16.8,2.82,64.6,203.83,-0.49,-1.33,8.47,673673.0,ITW,Illinois Tool Works Inc.,Industrials,Specialty Industrial Machinery
41.29,2.69,0.9,130180000.0,14680000000.0,16.74,6.64,-6.18,128850000.0,353800000.0,4.03,1.28,90.2,1.35,13570000000.0,1.08,13.5,2.54,44.67,2.49,14.59,3.9,9.16,12.13,10.24,8.5,0.76,26.96,2.1,6.4,0.88,0.68,1.5,2.3,19.1,2.46,1.5,3.7,4.0,54.46,0.29,23.2,3.6,0.29,19.6,111.12,1.06,3.5,20.46,428720.0,J,Jacobs Engineering Group Inc.,Industrials,Engineering & Construction
62.1,0.84,0.3,735100000.0,38230000000.0,18.27,2.86,-11.73,701840000.0,631000000.0,5.32,0.4,93.7,1.24,22320000000.0,1.71,-33.4,1.73,23.73,2.2,13.7,1.5,2.66,19.59,11.67,3.5,1.04,38.77,-11.2,4.1,1.09,1.99,1.0,17.6,33.2,1.13,1.2,-5.1,5.1,72.31,0.45,-22.8,2.8,0.43,123.2,52.16,6.72,11.39,33.4,3968854.0,JCI,Johnson Controls International plc,Industrials,Engineering & Construction
39.41,3.89,0.4,76510000.0,11640000000.0,34.48,4.44,3.02,75670000.0,298500000.0,3.65,0.87,93.0,2.23,1710000000.0,6.8,9.7,3.19,20.18,7.59,16.84,13.0,2.57,59.59,10.8,19.6,1.72,35.53,8.3,19.1,0.55,1.12,1.4,6.2,40.1,3.89,1.4,3.2,22.2,40.0,0.0,2.5,17.4,0.0,43.4,153.1,-3.7,-3.75,-9.18,518196.0,JKHY,"Jack Henry & Associates, Inc.",Technology,Information Technology Services
25.88,6.25,0.08,2630000000.0,426690000000.0,17.99,8.99,-4.46,2630000000.0,16690000000.000002,6.01,1.83,69.8,0.51,80860000000.0,5.28,0.5,1.8,24.49,6.6,12.29,10.6,11.67,13.86,4.3,27.4,4.04,53.44,-0.2,17.3,0.72,2.5,1.2,2.0,65.8,2.54,1.5,1.7,23.6,66.28,0.59,102.8,21.0,0.51,60.8,161.73,2.77,6.37,9.22,6822770.0,JNJ,Johnson & Johnson,Healthcare,Drug Manufacturers - General
16.31,3.55,17.6,343000000.0,19900000000.0,14.54,3.98,-1.69,341270000.0,1220000000.0,7.62,0.88,89.2,4.0,13530000000.0,1.47,-26.5,5.85,8.87,6.53,-0.62,6.5,4.59,12.61,2.14,42.0,2.28,33.91,9.8,10.1,0.63,3.94,0.6,-1.4,33.4,1.1,0.8,1.7,12.8,29.9,2.8,52.1,8.8,2.3,65.6,57.89,-4.43,-7.1,-11.02,2982450.0,K,Kellogg Company,Consumer Defensive,Packaged Foods
33.66,0.94,9.3,1410000000.0,43940000000.0,19.71,1.6,-60.27,802310000.0,1330000000.0,3.25,0.4,38.6,3.43,11430000000.0,3.84,66.9,5.08,16.55,1.91,13.07,2.6,0.14,230.05,10.35,5.7,0.6,43.38,-24.3,5.0,0.68,1.9,0.2,12.7,56.5,0.6,0.3,5.2,20.9,53.2,0.62,49.3,11.4,0.51,64.8,31.54,-0.42,3.0,8.97,2972720.0,KDP,Keurig Dr Pepper Inc.,Consumer Defensive,Beverages - Non-Alcoholic
37.14,8.22,0.4,155280000.0,47100000000.0,23.36,13.07,-12.3,154030000.0,1290000000.0,3.06,3.18,98.0,1.7,5930000000.0,7.94,4.5,2.67,17.69,17.25,4.96,14.1,13.24,23.05,12.15,49.7,3.6,43.74,28.1,22.5,1.27,1.18,1.9,15.6,59.0,9.55,2.7,8.9,26.9,73.1,0.0,24.2,21.8,1.25,41.7,305.2,10.77,17.31,47.47,1063124.0,KLAC,KLA Corporation,Technology,Semiconductor Equipment & Materials
25.39,1.93,0.7,4300000000.0,212650000000.0,23.25,2.11,-5.16,4269999999.9999995,8330000000.0,10.66,0.41,68.2,0.59,33470000000.0,6.35,38.0,1.4,4.33,11.3,11.14,9.0,4.86,10.06,2.38,45.5,1.64,100.02,5.3,12.0,0.6,3.35,1.0,-4.1,59.9,0.88,1.1,-9.0,29.1,34.53,2.84,-33.0,24.9,2.12,83.4,48.95,-5.11,-6.61,0.3,19707198.0,KO,The Coca-Cola Company,Consumer Defensive,Beverages - Non-Alcoholic
8.85,3.75,0.7,772000000.0,24860000000.0,12.4,2.68,-4.11,756300000.0,2950000000.0,1.1,0.69,89.2,9.7,130650000000.0,0.19,-45.8,6.68,13.04,2.55,-20.25,6.3,2.91,11.41,8.04,31.2,0.72,7.87,3.2,8.6,0.33,2.17,0.4,2.4,23.1,0.66,0.8,6.3,2.7,61.93,1.34,148.7,2.3,1.18,17.4,33.21,3.9,4.13,0.3,8580459.0,KR,The Kroger Co.,Consumer Defensive,Grocery Stores
35.25,6.04,0.5,93880000.0,19910000000.0,25.07,8.5,-4.27,93170000.0,578300000.0,2.94,1.93,89.5,1.21,2670000000.0,7.46,-8.9,1.36,47.54,4.48,21.44,5.8,6.91,30.82,12.0,13.0,1.76,23.8,3.5,8.3,0.98,0.83,2.0,2.1,70.9,4.94,2.3,-11.8,36.6,63.22,0.85,11.3,21.7,0.84,26.3,212.99,2.84,8.04,24.79,904191.0,KSU,Kansas City Southern,Industrials,Railroads
25.49,4.29,0.6,142000000.0,15430000000.0,16.91,6.46,-0.87,141340000.0,615000000.0,2.13,1.62,77.0,1.04,12000000000.0,1.29,22.0,1.82,26.1,4.19,11.05,5.5,3.63,30.13,11.94,17.6,1.36,13.58,24.8,11.2,0.97,1.24,0.9,17.0,13.9,2.47,0.9,14.4,8.0,68.72,1.22,2.6,5.1,1.11,31.3,109.31,4.27,6.44,14.3,555575.0,LDOS,"Leidos Holdings, Inc.",Technology,Information Technology Services
60.46,4.19,0.1,525690000.00000006,135610000000.00002,27.62,9.17,-12.89,523270000.0,2240000000.0,5.16,2.14,82.0,0.69,27050000000.0,5.01,-70.8,2.08,87.84,2.88,13.42,2.6,9.71,26.08,11.71,4.8,3.85,75.72,-6.9,3.4,0.8,1.52,0.7,18.1,42.8,5.07,0.8,-2.1,10.9,41.34,0.39,-1.6,8.3,0.26,88.9,253.2,-3.33,-1.4,9.9,1559828.0,LIN,Linde plc,Basic Materials,Specialty Chemicals
33.13,6.11,11.7,907200000.0,189420000000.0,24.7,8.19,-0.6,744270000.0,5570000000.0,2.37,2.35,79.2,0.7,23210000000.0,8.16,54.1,1.15,5.32,38.04,8.92,13.4,3.88,52.18,13.97,152.6,3.4,68.04,17.4,24.6,0.34,1.68,1.1,2.6,78.3,5.71,1.4,4.8,23.8,79.02,3.51,-2.9,24.0,3.38,46.7,202.35,15.88,26.63,31.1,8702898.0,LLY,Eli Lilly and Company,Healthcare,Drug Manufacturers - General
14.51,23.4,0.08,279300000.0,95080000000.0,12.99,26.15,0.0,237250000.0,6590000000.0,1.79,6.42,77.7,1.2,64239999999.99999,1.48,25.8,1.79,17.73,19.16,6.78,13.3,12.81,26.52,8.1,171.2,10.4,27.42,16.8,47.7,0.92,3.06,1.1,8.4,13.3,6.89,1.3,8.7,13.2,38.22,2.56,10.3,10.2,2.36,41.2,339.67,-2.13,-5.25,-9.21,1662714.0,LMT,Lockheed Martin Corporation,Industrials,Aerospace & Defense
26.69,3.93,6.7,168650000.0,18690000000.0,30.05,3.49,-2.49,167740000.0,670400000.0,1.08,1.02,32.5,5.94,3660000000.0,5.1,74.2,11.23,10.12,10.37,-10.14,25.7,5.15,20.37,24.62,44.2,0.87,29.6,24.3,27.0,0.92,0.83,1.5,8.2,40.6,3.08,1.8,74.7,15.5,64.79,0.0,260.9,18.3,0.0,0.0,104.93,6.12,14.88,44.29,1348485.0,LOGI,Logitech International S.A.,Technology,Computer Hardware
24.33,7.08,0.06,752000000.0,125580000000.0,18.49,9.32,-12.57,732180000.0,5350000000.0,1.02,1.18,79.6,1.55,85310000000.0,1.47,92.9,2.22,5.42,31.8,7.1,11.4,13.31,12.95,23.92,176.5,2.4,15.19,15.2,23.4,1.36,1.39,0.6,5.1,32.9,3.36,1.4,28.3,9.4,73.06,5.35,-32.7,6.3,5.2,31.0,172.34,4.42,7.74,18.03,5323189.0,LOW,"Lowe's Companies, Inc.",Consumer Cyclical,Home Improvement Retail
32.01,17.63,0.3,145270000.0,82770000000.0,22.28,25.33,-24.95,143700000.0,2610000000.0,1.65,5.69,87.8,1.89,11060000000.0,7.49,10.2,1.92,37.3,15.13,11.35,19.2,45.38,12.43,19.38,53.5,5.2,58.58,32.5,21.4,1.31,0.92,2.7,13.8,46.4,19.32,3.3,46.7,28.0,66.93,1.08,80.9,23.6,0.92,25.6,564.19,11.38,17.88,57.15,1241882.0,LRCX,Lam Research Corporation,Technology,Semiconductor Equipment & Materials
9.37,1.18,0.1,1080000000.0,12050000000.0,7.81,1.42,-0.91,991140000.0,1280000000.0,3.12,0.29,81.5,10.72,21160000000.0,0.57,-219.4,8.98,12.67,0.88,-2.07,2.0,0.48,22.91,3.0,9.5,1.0,6.96,-41.3,-6.7,1.13,9.02,0.6,4.4,56.4,0.31,0.6,-3.4,16.7,64.24,2.38,20.0,6.1,2.27,84.2,11.09,7.31,8.37,9.35,8858434.0,LUMN,"Lumen Technologies, Inc.",Communication Services,Telecom Services
38.31,2.01,0.6,146500000.0,11230000000.0,24.88,3.1,-7.73,145500000.0,296000000.0,3.95,0.54,92.8,2.22,3550000000.0,3.16,-21.3,3.35,2.79,27.62,30.0,7.1,5.24,14.7,9.7,94.6,0.94,29.19,6.4,11.8,0.78,1.22,1.9,5.3,22.5,2.24,2.9,-12.1,13.2,52.21,6.73,-31.0,8.3,6.65,44.0,77.07,0.06,2.22,15.62,540414.0,LW,"Lamb Weston Holdings, Inc.",Consumer Defensive,Packaged Foods
64.9,2.35,2.06,256000000.0,40920000000.0,21.32,7.14,-0.54,255010000.0,608200000.0,6.43,1.58,96.4,2.43,5230000000.0,7.82,50.8,3.31,21.26,7.16,13.67,3.5,1.38,110.51,10.1,11.0,1.47,30.96,6.2,7.0,1.71,0.97,0.7,19.7,61.3,3.93,1.1,-2.1,12.6,66.72,1.69,-35.5,11.6,1.5,58.7,152.32,6.31,10.59,39.24,1125489.0,MCHP,Microchip Technology Incorporated,Technology,Semiconductors
14.06,13.0,0.05,162000000.0,29090000000.0,10.29,17.76,-24.72,158860000.0,2230000000.0,1.39,4.1,89.2,0.76,234190000000.0,0.12,9.6,1.09,36.36,5.03,8.43,3.7,19.42,9.41,10.12,39.4,1.68,7.66,-8.0,23.1,0.86,0.92,0.6,5.2,5.2,3.62,1.0,5.5,1.4,60.7,1.29,188.9,1.0,0.99,12.4,182.79,2.76,3.02,16.93,760734.0,MCK,McKesson Corporation,Healthcare,Medical Distribution
28.16,9.62,0.3,187800000.0,51900000000.0,26.2,10.33,-18.08,187080000.0,1820000000.0,2.72,1.94,93.3,1.35,5310000000.0,9.77,15.4,3.07,7.97,33.97,1.65,16.4,13.5,20.05,10.34,195.4,2.24,35.11,10.0,26.1,1.14,0.83,2.5,7.7,73.3,6.32,2.5,9.3,46.1,42.64,0.0,24.3,34.3,4.25,22.5,270.77,-2.89,-2.59,-1.33,838941.0,MCO,Moody's Corporation,Financial,Financial Data & Stock Exchanges
25.91,2.17,0.11,1430000000.0,80390000000.0,19.86,2.83,-70.44,1430000000.0,3130000000.0,3.97,0.66,78.6,0.72,26200000000.0,3.07,16.2,1.69,18.81,2.98,8.99,4.8,1.93,29.14,6.53,11.8,1.26,42.51,15.7,8.4,0.62,2.25,0.5,-5.5,39.4,0.86,0.7,4.9,13.8,34.99,0.75,-20.5,11.9,0.7,53.7,56.12,-2.7,-2.71,2.06,6938668.0,MDLZ,"Mondelez International, Inc.",Consumer Defensive,Confectioners
45.45,2.59,0.1,1340000000.0,160010000000.0,20.24,5.83,-6.0,1340000000.0,3500000000.0,4.4,1.15,83.4,0.49,27870000000.0,5.74,2.3,1.48,37.31,3.16,38.71,3.8,10.52,11.21,10.33,7.0,2.32,91.59,7.7,6.7,0.72,1.97,1.8,7.4,65.1,2.04,2.2,-0.8,11.7,55.23,0.6,-64.2,12.7,0.52,84.9,117.91,0.89,3.29,14.06,3806020.0,MDT,Medtronic plc,Healthcare,Medical Devices
51.89,1.49,1.6,298700000.0,23530000000.0,12.15,6.34,0.0,276970000.0,459000000.0,5.4,1.98,72.2,0.68,31470000000.0,0.75,-15.8,1.47,34.17,2.25,106.64,1.8,4.9,15.71,9.61,4.5,1.6,20.39,4.7,11.7,1.57,2.08,0.9,2.8,12.5,2.46,1.3,-2.0,1.9,65.81,0.39,280.4,1.5,0.38,104.7,77.05,6.19,16.68,52.02,1355682.0,MGA,Magna International Inc.,Consumer Cyclical,Auto Parts
32.36,2.83,0.22,266600000.00000003,23930000000.0,31.18,2.93,-10.53,261950000.0,760100000.0,6.74,0.81,83.2,1.76,5530000000.0,4.33,10.2,4.51,14.75,6.2,2.59,7.2,0.84,108.3,4.8,20.8,1.36,44.04,9.4,10.3,0.46,1.49,0.4,4.7,41.1,1.89,0.9,7.6,18.5,42.27,1.06,7.8,13.7,0.95,42.5,91.46,-2.33,-1.67,-0.58,878938.0,MKC,"McCormick & Company, Incorporated",Consumer Defensive,Packaged Foods
36.9,5.01,0.1,55200000.0,10210000000.0,22.38,8.26,-17.73,54500000.0,277300000.0,1.31,2.01,98.3,1.15,2170000000.0,4.71,-64.3,1.99,40.34,4.59,16.54,7.8,12.97,14.27,28.09,13.2,0.8,31.89,3.3,6.3,1.64,0.43,3.2,19.5,44.4,5.99,4.6,27.5,17.2,76.86,0.37,92.7,12.8,0.37,15.9,184.96,14.6,24.46,54.54,374110.0,MKSI,"MKS Instruments, Inc.",Technology,Scientific & Technical Instruments
20.0,8.53,0.19,577800000.0,98960000000.0,17.92,9.52,-3.04,575730000.0,4960000000.0,4.25,2.15,66.6,1.33,31710000000.0,3.12,-14.9,2.88,20.56,8.3,11.92,10.9,7.87,21.7,4.7,46.2,5.88,33.53,0.9,16.4,0.95,3.45,1.4,0.2,48.1,2.86,1.9,4.5,20.9,50.65,1.65,-10.6,15.7,1.55,68.0,170.67,-0.18,-0.67,5.76,2688484.0,MMM,3M Company,Industrials,Specialty Industrial Machinery
89.62,0.47,0.1,1860000000.0,77770000000.0,9.12,4.6,-0.62,1860000000.0,866000000.0,16.0,1.01,63.1,0.91,25860000000.0,3.01,-117.2,1.78,1.69,24.82,5.1,1.5,2.22,18.86,5.6,13.4,3.44,40.98,-17.7,-5.0,0.62,8.2,0.5,0.5,50.1,0.77,0.8,3.9,14.3,55.52,9.32,64.5,2.8,8.84,859.3,41.94,1.13,1.86,3.87,7113132.0,MO,"Altria Group, Inc.",Consumer Defensive,Tobacco
120.93,3.33,4.5,44970000.0,18520000000.0,73.57,5.48,-15.42,44210000.0,155900000.0,4.84,1.24,96.3,2.37,778100000.0,23.8,1.4,2.16,20.34,19.82,10.62,14.7,12.01,33.57,25.0,18.4,2.0,153.3,22.1,13.0,0.95,0.5,4.2,17.3,55.1,11.85,5.2,53.7,19.2,71.24,0.0,83.7,19.8,0.0,52.0,403.18,8.39,18.58,49.23,207997.0,MPWR,"Monolithic Power Systems, Inc.",Technology,Semiconductors
17.85,4.55,0.08,2530000000.0,202410000000.0,12.7,6.39,-22.6,2530000000.0,11570000000.0,2.36,1.38,76.0,0.63,47350000000.0,4.27,58.9,1.79,11.54,7.03,6.5,13.2,2.95,27.52,7.57,42.3,2.6,308.55,-1.1,19.2,0.43,3.2,1.0,2.1,73.2,1.57,1.3,1.2,26.9,46.68,0.98,56.8,24.3,0.9,53.7,81.18,-0.76,-0.16,0.72,8631277.0,MRK,"Merck & Co., Inc.",Healthcare,Drug Manufacturers - General
25.7,2.08,0.2,670490000.0,36320000000.0,38.93,1.37,-10.57,665700000.0,1480000000.0,0.69,0.29,92.0,4.8,2890000000.0,12.57,873.6,3.38,12.51,4.28,48.7,13.5,1.23,43.65,37.0,17.4,0.24,81.17,20.3,16.5,1.19,0.45,1.2,-5.8,47.5,1.72,1.4,13.2,-12.8,70.24,0.16,72.3,51.2,0.12,10.6,53.49,9.64,16.27,42.62,9327814.0,MRVL,Marvell Technology Group Ltd.,Technology,Semiconductors
36.3,6.2,0.1,7570000000.0,1703840000000.0,30.12,7.47,-7.22,7560000000.0,47500000000.0,2.49,1.64,71.9,0.52,147110000000.0,11.58,13.4,1.37,16.31,13.79,10.47,16.2,18.22,12.35,14.55,40.7,2.24,50.49,31.3,23.1,0.84,1.0,2.5,8.9,68.3,4.38,2.5,12.4,38.1,60.18,0.6,31.4,32.3,0.54,32.6,224.97,2.62,3.86,10.33,30749552.0,MSFT,Microsoft Corporation,Technology,Software - Infrastructure
37.97,2.53,0.2,266829999.99999997,25940000000.0,31.71,3.03,-9.56,265709999.99999997,684100000.0,2.42,0.68,89.0,4.0,2280000000.0,11.39,-21.0,5.23,6.41,14.98,7.83,18.9,5.97,16.09,15.71,40.7,1.92,104.62,27.5,25.0,1.24,2.0,4.7,-1.0,66.1,2.16,5.3,16.2,32.1,70.62,0.58,23.1,30.0,0.58,75.2,96.03,5.61,11.34,38.46,1578471.0,MXIM,"Maxim Integrated Products, Inc.",Technology,Semiconductors
25.89,5.46,0.1,164170000.0,23540000000.0,23.07,6.13,-5.69,114000000.0,911000000.0,2.46,1.48,78.1,2.42,5230000000.0,4.5,3.9,3.14,36.61,3.86,0.92,6.3,4.57,30.94,10.53,16.0,1.96,34.98,14.1,8.9,0.84,1.39,1.2,4.0,52.8,2.75,1.2,29.0,22.5,65.47,0.59,75.5,17.4,0.59,34.6,141.4,4.59,8.52,14.31,692687.0,NDAQ,"Nasdaq, Inc.",Financial,Financial Data & Stock Exchanges
44.96,4.27,0.8,57990000.0,11650000000.0,26.79,7.17,-3.35,51460000.0,249500000.0,3.46,1.06,71.0,0.66,2120000000.0,5.49,-27.4,1.34,30.33,6.33,11.44,6.7,3.43,55.95,13.0,14.6,1.56,32.05,4.3,10.3,0.93,0.81,2.0,4.7,53.3,5.48,2.8,-4.6,16.5,41.03,0.64,-82.1,11.8,0.61,35.4,192.1,-3.71,-4.11,1.42,287550.0,NDSN,Nordson Corporation,Industrials,Specialty Industrial Machinery
21.05,2.96,0.1,803000000.0,51250000000.0,14.37,4.34,-14.59,801150000.0,2400000000.0,0.48,0.96,84.2,0.8,11080000000.0,4.62,800.2,1.03,28.22,2.21,68.89,6.4,6.25,9.97,44.12,11.7,1.6,21.01,24.5,10.1,0.21,2.57,2.5,7.4,53.8,1.66,2.8,16.8,20.6,51.5,0.29,-72.0,23.2,0.27,24.5,62.31,0.74,1.25,0.02,5089518.0,NEM,Newmont Corporation,Basic Materials,Gold
80.74,1.75,1.3,1570000000.0,224170000000.0,36.63,3.87,-9.23,1270000000.0,2830000000.0,2.35,0.75,82.9,1.06,38250000000.0,5.86,-35.9,2.45,6.76,20.95,28.1,9.0,7.46,18.98,34.3,30.6,1.1,107.05,-2.9,13.3,0.85,0.78,2.0,4.1,42.9,3.01,2.7,8.9,8.6,51.76,0.89,11.1,7.4,0.88,54.3,141.61,-0.66,2.91,25.09,4013667.0,NKE,"NIKE, Inc.",Consumer Cyclical,Footwear & Accessories
20.3,14.63,0.1,166800000.0,49870000000.0,12.27,24.2,-2.94,165910000.0,2450000000.0,2.66,5.77,83.5,1.03,35310000000.0,1.41,-26.6,1.66,62.75,4.73,6.26,5.7,29.74,9.98,7.62,25.7,5.8,16.99,6.3,16.2,0.76,1.95,1.4,7.1,21.2,5.97,1.4,7.2,11.5,46.86,1.53,7.3,6.9,1.36,37.7,296.87,-0.53,-1.84,-6.84,975662.0,NOC,Northrop Grumman Corporation,Industrials,Aerospace & Defense
31.64,7.76,0.12,254600000.0,62200000000.0,21.88,11.21,-1.93,253690000.0,2000000000.0,4.24,2.49,78.7,1.04,9910000000.0,6.28,7.8,2.08,58.68,4.18,23.04,5.3,5.36,45.77,7.46,13.4,3.76,55.63,9.9,11.8,1.31,1.53,1.2,-0.6,48.6,5.6,1.3,-11.8,30.1,52.02,0.85,-10.9,20.2,0.85,48.2,245.36,0.91,2.44,20.71,1147991.0,NSC,Norfolk Southern Corporation,Industrials,Railroads
90.64,6.12,0.1,618000000.0,352460000000.0,47.5,11.68,-42.88,593110000.0,3830000000.0,4.11,2.8,68.6,1.09,14780000000.0,23.85,-25.1,0.82,24.81,22.36,20.18,16.5,15.96,34.76,22.05,28.1,0.64,91.88,32.2,18.8,1.4,0.12,3.5,18.5,62.6,16.42,3.9,56.8,27.2,59.19,0.45,45.8,25.9,0.39,10.3,554.7,5.26,4.45,23.19,8458490.0,NVDA,NVIDIA Corporation,Technology,Semiconductors
25.08,2.89,26.4,2330000000.0,130389999999.99998,23.22,3.12,0.0,1130000000.0,6790000000.0,17.05,0.64,8.0,0.36,20790000000.0,6.27,2.8,3.54,4.18,17.35,6.92,31.5,2.32,31.31,1.47,71.7,1.04,26.07,10.2,69.1,0.46,1.43,0.8,6.6,83.7,1.28,1.0,2.1,43.1,58.56,0.07,2.7,32.6,0.04,281.5,72.52,2.67,4.67,8.38,961627.0,NVO,Novo Nordisk A/S,Healthcare,Drug Manufacturers - General
31.37,3.09,9.3,2290000000.0,235180000000.0,15.18,6.38,0.0,2270000000.0,7100000000.0,4.04,1.34,10.2,0.19,49580000000.0,4.74,-43.6,2.3,23.84,4.06,11.01,5.7,4.48,21.64,7.77,13.2,3.09,47.2,-6.5,8.6,0.59,3.19,0.7,-1.9,71.2,1.28,0.9,0.4,18.8,69.5,0.7,-5.4,14.3,0.52,91.0,96.88,4.05,6.96,10.96,1072298.0,NVS,Novartis AG,Healthcare,Drug Manufacturers - General
39.39,5.27,12.66,117190000.0,24390000000.0,30.24,6.87,-0.04,102480000.0,626900000.0,2.73,1.56,73.7,1.62,3950000000.0,6.17,3.7,2.43,27.06,7.68,22.46,15.4,5.33,38.97,14.41,20.5,0.6,42.02,19.8,19.5,0.97,0.29,2.5,8.1,90.2,5.1,2.5,0.9,21.3,59.48,0.05,25.2,15.9,0.03,10.7,207.72,4.1,3.13,14.24,598342.0,ODFL,"Old Dominion Freight Line, Inc.",Industrials,Trucking
114.73,2.23,1.9,47230000.0,12330000000.0,62.99,4.06,-10.14,42920000.0,105100000.0,4.01,0.64,74.1,2.04,389100000.0,31.69,140.0,3.3,18.63,13.71,73.48,10.1,13.94,18.33,28.6,13.8,0.6,422.28,26.6,15.6,1.4,0.23,4.4,16.2,77.4,7.52,4.8,20.1,35.0,63.98,0.0,9.0,30.0,0.0,24.3,255.5,6.17,10.35,40.26,256401.0,OLED,Universal Display Corporation,Technology,Semiconductor Equipment & Materials
14.28,4.42,0.2,215400000.0,13620000000.0,11.46,5.51,0.0,213180000.0,962200000.0,4.46,1.63,96.9,5.08,13560000000.0,1.01,1.8,4.44,12.25,5.15,12.48,4.0,15.19,4.16,3.2,37.2,2.6,17.32,7.0,19.9,0.9,4.12,1.0,-0.5,27.1,1.69,1.0,-11.5,12.1,52.12,2.19,9.8,7.1,2.18,58.6,63.11,0.82,1.81,13.51,1535264.0,OMC,Omnicom Group Inc.,Communication Services,Advertising Agencies
48.6,0.97,2.3,271990000.0,12850000000.0,14.12,3.33,0.0,268350000.00000003,263200000.0,7.54,0.85,77.8,1.53,3220000000.0,4.0,-18.5,6.59,14.95,3.14,5.18,2.6,6.75,6.96,6.45,6.6,0.8,16.22,-2.0,4.6,0.93,1.7,1.4,10.9,68.2,0.84,1.4,15.4,16.6,63.65,1.03,38.1,8.2,0.88,72.0,47.0,3.34,5.47,10.91,636205.0,OTEX,Open Text Corporation,Technology,Software - Application
27.57,5.06,0.1,1380000000.0,193440000000.0,23.02,6.07,-0.89,1380000000.0,7060000000.0,4.5,1.46,72.9,0.71,68560000000.0,2.82,-40.7,2.51,9.74,14.33,9.48,8.2,7.0,19.93,6.12,51.9,4.09,206.89,4.0,17.8,0.6,2.93,0.8,0.1,55.2,2.18,0.9,5.3,14.5,36.74,3.31,10.3,10.3,2.81,78.0,139.61,-3.05,-3.13,1.72,5684273.0,PEP,"PepsiCo, Inc.",Consumer Defensive,Beverages - Non-Alcoholic
30.53,9.15,0.5,128710000.00000001,36710000000.0,19.19,14.55,-14.59,128220000.0,1190000000.0,2.26,2.58,81.0,1.02,13590000000.0,2.7,-19.8,1.52,50.73,5.5,17.54,5.9,5.9,47.32,13.49,18.8,3.52,21.84,5.9,8.3,1.78,1.26,0.9,1.5,25.5,6.74,1.5,-3.1,11.0,52.06,1.22,-5.3,8.7,1.08,38.0,279.2,0.68,2.7,34.08,821508.0,PH,Parker-Hannifin Corporation,Industrials,Specialty Industrial Machinery
40.76,3.7,0.1,111680000.0,16820000000.0,17.27,8.72,-42.7,111040000.0,412200000.0,2.4,2.85,94.2,2.85,3230000000.0,5.2,-2.7,3.32,28.94,5.2,20.85,6.2,2.31,65.11,17.0,14.0,0.28,32.75,7.7,6.5,1.16,0.19,1.0,5.2,52.0,4.11,1.3,36.4,17.8,56.13,0.57,199.6,12.7,0.46,7.5,150.59,1.81,6.86,29.53,425318.0,PKI,"PerkinElmer, Inc.",Healthcare,Diagnostics & Research
45.95,7.98,0.7,40120000.0,15020000000.0,39.92,9.19,-38.27,38880000.0,325600000.0,2.7,0.76,95.8,2.56,3680000000.0,4.08,13.8,2.46,14.69,24.96,8.71,20.1,1.82,201.13,17.0,71.0,2.32,45.46,21.3,30.9,0.76,0.63,0.9,7.3,28.6,10.79,2.2,26.8,11.3,51.71,0.58,49.9,8.8,0.56,27.8,366.71,-0.71,4.15,21.05,229172.0,POOL,Pool Corporation,Consumer Cyclical,Leisure
31.65,4.54,0.1,236800000.0,34750000000.0,20.79,6.9,-29.27,235190000.0,1080000000.0,3.73,1.58,79.8,1.59,13750000000.0,2.53,-2.2,3.09,22.42,6.4,21.44,6.0,8.65,16.59,8.49,21.4,2.16,30.89,6.8,12.6,1.12,1.5,1.2,0.5,43.8,3.32,1.5,-3.7,10.9,44.28,1.04,21.1,7.8,0.91,45.4,143.53,-1.99,-1.11,19.64,1739055.0,PPG,"PPG Industries, Inc.",Basic Materials,Specialty Chemicals
28.81,2.7,1.1,140540000.0,11010000000.0,18.61,4.18,-21.1,137380000.0,393700000.0,2.39,1.0,93.8,1.42,11400000000.0,0.97,46.4,1.4,29.54,2.63,15.98,4.8,1.53,50.74,12.04,9.9,0.24,9.04,17.3,7.4,1.23,0.31,1.7,9.3,14.4,2.23,1.7,-9.9,5.1,61.69,0.29,22.3,3.5,0.29,6.9,77.81,6.11,9.98,51.76,827918.0,PWR,"Quanta Services, Inc.",Industrials,Engineering & Construction
124.4,1.05,0.5,165000000.0,29250000000.0,21.46,6.06,-1.21,163060000.0,172000000.0,8.94,0.64,93.1,3.71,7650000000.0,3.82,-20.8,2.44,70.63,1.84,263.78,0.9,6.19,21.01,13.92,1.4,2.2,15.43,-8.8,8.5,1.99,1.69,1.3,17.5,36.5,5.15,1.4,-22.8,5.4,61.05,0.28,-108.8,2.2,0.27,242.2,130.0,6.54,17.12,33.99,3598932.0,PXD,Pioneer Natural Resources Company,Energy,Oil & Gas E&P
19.11,2.51,0.8,505000000.0,24470000000.0,12.18,3.95,0.0,352060000.0,1280000000.0,2.73,0.95,79.0,0.36,11230000000.0,2.18,-0.2,3.43,15.73,3.05,17.62,4.2,3.49,13.75,6.99,16.3,1.57,27.77,9.0,9.7,0.5,3.27,1.0,3.2,40.9,0.64,1.1,-2.4,21.4,59.48,2.15,-12.5,11.4,1.88,99.2,48.04,1.72,2.82,12.58,220635.0,RCI,Rogers Communications Inc.,Communication Services,Telecom Services
46.57,4.66,0.8,144900000.0,31700000000.0,39.8,5.45,-6.52,143750000.0,679900000.0,2.11,1.26,71.4,0.75,3030000000.0,10.47,50.2,2.29,18.49,11.74,6.25,15.0,2.89,75.23,22.1,28.1,1.56,67.15,11.5,18.6,0.31,0.72,1.8,12.0,58.3,4.65,2.6,10.4,28.3,56.46,0.39,47.4,22.5,0.39,33.2,217.07,1.48,2.24,17.25,404205.0,RMD,ResMed Inc.,Healthcare,Medical Instruments & Supplies
30.53,8.77,0.2,116170000.0,31970000000.0,28.09,9.53,-32.29,115880000.0,1020000000.0,2.64,1.89,80.1,1.74,6330000000.0,5.05,50.5,3.1,8.88,30.15,9.56,14.4,5.9,45.34,11.55,130.4,4.28,59.9,7.5,33.8,1.37,1.6,1.2,0.1,41.0,5.85,1.5,-9.3,17.9,65.26,1.95,3143.2,16.2,1.92,46.2,267.7,5.07,6.86,19.49,774180.0,ROK,"Rockwell Automation, Inc.",Industrials,Specialty Industrial Machinery
73.66,0.51,51.0,491630000.0,18400000000.0,62.21,0.6,0.0,220830000.0,248100000.0,8.98,0.13,40.8,5.25,2130000000.0,8.64,-13.1,7.04,1.9,19.58,2.22,13.9,0.19,192.89,8.2,29.2,0.21,73.34,8.1,18.9,0.46,0.56,0.6,7.4,51.4,1.24,0.7,4.9,16.3,42.19,0.18,80.5,11.7,0.17,50.7,37.2,-5.1,-3.79,9.94,1161399.0,ROL,"Rollins, Inc.",Consumer Cyclical,Personal Services
28.4,14.84,0.4,104700000.0,43740000000.0,28.8,14.63,-13.45,103250000.0,1570000000.0,5.57,3.48,95.4,1.44,5420000000.0,8.08,88.8,2.69,97.05,4.34,15.68,7.9,2.91,144.79,5.1,16.0,2.25,37.21,21.3,13.3,1.02,0.53,0.6,8.6,64.0,9.91,0.7,0.9,41.5,51.12,0.96,-17.0,28.9,0.9,13.3,421.41,-0.02,1.27,5.84,359820.0,ROP,"Roper Technologies, Inc.",Industrials,Specialty Industrial Machinery
26.37,3.3,1.2,128500000.0,11320000000.0,18.46,4.71,-7.3,127880000.0,426100000.0,1.71,0.35,76.6,0.93,5730000000.0,1.98,20.0,2.28,12.04,7.22,10.36,7.5,2.1,41.46,15.45,30.4,1.52,22.96,5.7,10.7,0.97,1.75,1.4,3.7,38.9,1.92,2.2,-48.3,11.5,43.81,1.49,-30.2,7.4,1.44,43.4,86.92,-1.87,-1.8,7.77,592961.0,RPM,RPM International Inc.,Basic Materials,Specialty Chemicals
25.7,4.98,25.5,1180000000.0,159230000000.0,21.67,5.9,0.0,1090000000.0,5900000000.0,4.36,1.89,4.8,0.21,33840000000.000004,4.71,-18.7,1.49,30.07,4.25,-5.83,7.5,7.78,16.45,5.89,15.2,1.73,34.34,0.3,7.0,1.07,1.35,1.1,9.4,71.6,2.14,1.1,-3.8,22.5,52.06,0.62,26.4,16.3,0.48,32.2,127.9,-0.34,3.39,-6.69,797570.0,SAP,SAP SE,Technology,Software - Application
42.34,1.66,0.2,773100000.0,55920000000.0,24.85,2.83,-52.77,83990000.0,1290000000.0,4.2,0.7,7.8,6.16,7490000000.0,7.47,-5.6,5.73,9.08,7.75,41.65,8.0,2.74,25.7,10.09,18.8,2.0,89.2,3.6,13.1,1.19,2.84,2.9,4.7,50.1,1.87,3.7,14.5,35.9,63.88,0.0,29.9,17.2,0.93,84.2,70.41,3.92,13.33,50.9,490951.0,SCCO,Southern Copper Corporation,Basic Materials,Copper
36.32,20.27,0.1,90540000.0,66260000000.00001,27.52,26.75,-50.14,82200000.0,1870000000.0,3.63,4.84,80.0,1.46,17990000000.0,3.68,42.4,2.59,46.47,15.85,9.95,9.1,6.89,106.88,10.01,48.3,5.36,27.02,13.5,11.8,1.03,0.73,0.8,10.0,47.0,13.14,1.2,5.2,12.7,55.52,1.97,24.4,10.4,1.96,25.0,736.35,0.98,1.4,14.16,303168.0,SHW,The Sherwin-Williams Company,Basic Materials,Specialty Chemicals
33.54,6.78,0.4,55700000.0,12840000000.0,26.34,8.63,-12.49,40700000.0,385800000.0,3.32,-0.77,64.9,2.56,4130000000.0,3.11,-12.7,3.41,12.52,18.16,4.49,10.4,0.29,773.5,10.1,49.8,2.48,152.68,26.6,20.8,1.19,1.09,0.6,11.7,32.9,6.34,1.3,78.9,14.2,74.1,2.18,106.8,9.4,2.09,33.9,227.42,7.93,20.04,47.08,208995.0,SMG,The Scotts Miracle-Gro Company,Basic Materials,Agricultural Inputs
14.24,7.2,0.03,1230000000.0,131180000000.0,22.67,4.52,0.0,1030000000.0,9010000000.0,2.74,0.8,7.9,0.23,79910000000.0,1.64,-34.8,2.23,39.45,2.6,-17.19,4.0,33.31,3.08,5.2,21.1,0.47,13.87,43.5,11.9,0.94,0.46,0.8,0.1,27.6,1.54,0.9,-0.4,10.6,61.28,0.43,147.5,11.3,0.15,340.3,102.55,1.33,7.21,30.68,652207.0,SNE,Sony Corporation,Technology,Consumer Electronics
19.51,6.27,0.07,289490000.0,35410000000.0,15.16,8.07,4.49,288140000.0,1880000000.0,2.53,1.56,87.9,1.5,11080000000.0,3.2,120.0,2.56,69.37,1.76,4.94,5.6,12.15,10.07,7.7,20.0,4.18,185.37,5.3,5.5,0.64,3.42,0.8,-0.4,97.5,2.64,0.8,-4.4,25.6,44.68,1.27,-34.6,34.3,1.08,30.9,122.37,-0.84,-4.24,-2.09,1456872.0,SRE,Sempra Energy,Utilities,Utilities - Diversified
31.36,2.14,12.4,256700000.0,17320000000.0,15.19,4.43,-0.73,223850000.0,569700000.0,1.74,1.05,83.0,0.92,4670000000.0,3.71,291.9,2.03,20.97,3.21,4.91,3.6,0.72,93.87,18.03,10.9,0.56,14.98,17.2,6.6,1.57,0.83,1.0,43.3,44.7,1.83,1.0,0.8,20.9,40.8,1.27,65.3,12.2,1.26,17.5,67.23,-4.52,-3.41,9.66,851250.0,SSNC,"SS&C Technologies Holdings, Inc.",Technology,Software - Application
38.22,4.93,0.3,85170000.0,16550000000.0,26.85,7.01,-51.72,84910000.0,422300000.0,3.82,1.52,94.2,1.1,3020000000.0,5.48,33.8,2.34,42.82,4.4,15.13,7.8,3.55,53.05,10.0,12.2,1.6,61.05,16.2,9.8,0.56,0.85,2.0,10.4,43.4,5.01,2.6,2.6,18.4,47.63,0.0,11.5,14.0,0.28,30.4,188.33,-0.92,-0.87,11.86,594620.0,STE,STERIS plc,Healthcare,Medical Instruments & Supplies
40.69,1.0,28.4,893850000.0,37630000000.0,27.7,1.46,0.0,627740000.0,911000000.0,0.83,0.54,3.9,0.94,9740000000.0,3.86,-18.5,2.48,8.59,4.72,29.58,7.4,3.8,10.67,49.0,12.6,0.17,60.02,51.1,11.4,1.55,0.42,1.7,5.2,37.1,0.92,2.4,4.4,11.6,61.05,0.37,-21.7,9.4,0.25,19.9,40.53,4.44,7.34,31.98,3544707.0,STM,STMicroelectronics N.V.,Technology,Semiconductors
16.09,3.91,0.3,257000000.0,16020000000.0,11.45,5.5,-84.25,255500000.0,1030000000.0,3.58,1.13,88.2,6.65,10250000000.0,1.56,-46.3,5.27,7.09,8.88,15.72,11.6,6.54,9.63,4.49,56.8,2.68,47.69,-6.4,21.3,1.16,4.26,1.0,-5.2,27.0,1.43,1.5,-10.2,12.5,61.48,2.29,16.2,10.0,2.27,65.8,62.94,3.12,4.52,21.69,6147643.0,STX,Seagate Technology plc,Technology,Computer Hardware
24.45,9.36,0.4,193850000.0,44800000000.0,22.07,10.36,-69.67,153990000.0,2009999999.9999998,2.77,1.54,84.3,1.4,8560000000.000001,5.23,-100.4,1.87,68.67,3.33,6.8,7.5,0.78,293.0,8.83,16.7,3.0,27.84,-15.1,12.8,1.19,1.31,1.0,6.7,51.6,5.06,1.7,21.9,32.3,63.63,0.83,216.6,23.5,0.78,28.8,228.69,3.43,7.9,23.49,944124.0,STZ,"Constellation Brands, Inc.",Consumer Defensive,Beverages - Wineries & Distilleries
28.7,6.17,0.3,160220000.0,28450000000.0,18.28,9.68,-26.24,159890000.0,951500000.0,3.87,2.96,90.4,1.91,13840000000.0,2.06,19.6,2.71,56.74,3.12,11.58,4.3,4.25,41.65,7.42,11.7,2.8,26.65,3.4,11.1,1.44,1.58,0.7,5.0,33.6,4.55,1.4,6.0,8.6,51.12,0.53,59.5,6.9,0.53,44.6,177.01,0.49,-1.25,15.22,1380862.0,SWK,"Stanley Black & Decker, Inc.",Industrials,Tools & Accessories
34.12,4.79,0.2,166700000.0,28230000000.0,18.94,8.63,-25.87,165500000.0,815000000.0,2.86,2.08,79.7,2.17,3360000000.0,8.41,-2.9,1.81,24.98,6.55,13.83,16.1,5.65,28.96,11.95,19.5,2.0,55.55,3.2,19.6,1.19,1.22,3.4,0.6,48.1,5.19,5.2,15.6,26.6,62.21,0.0,15.5,24.3,0.0,37.7,163.52,5.07,10.36,21.55,1434783.0,SWKS,"Skyworks Solutions, Inc.",Technology,Semiconductors
52.75,4.62,0.1,375700000.0,91600000000.0,26.69,9.13,-32.95,347850000.0,1760000000.0,6.07,2.55,74.4,0.81,14220000000.0,6.44,4.6,2.56,34.56,7.05,27.24,5.7,19.04,12.79,8.69,13.6,2.52,64.78,32.4,9.3,0.94,1.03,2.2,9.0,64.1,4.7,2.9,4.2,17.0,57.56,1.01,33.3,12.3,0.92,60.2,243.6,1.2,3.16,18.77,991080.0,SYK,Stryker Corporation,Healthcare,Medical Devices
35.77,3.92,0.4,166010000.0,23470000000.0,28.58,4.91,-41.5,165610000.0,712900000.0,1.46,1.0,99.3,5.19,3020000000.0,7.78,24.7,5.83,12.01,11.68,9.12,23.2,7.37,19.04,24.54,42.1,0.4,40.86,48.1,26.4,1.35,0.29,3.1,6.8,57.0,3.68,3.3,40.8,28.7,75.75,0.2,60.5,23.6,0.2,9.1,140.24,10.49,19.75,59.19,1301649.0,TER,"Teradyne, Inc.",Technology,Semiconductor Equipment & Materials
50.05,7.77,0.1,46530000.0,18070000000.0,30.74,12.65,-7.53,46410000.0,367000000.0,4.17,3.05,92.8,1.36,2510000000.0,7.21,133.7,2.64,69.55,5.59,20.43,5.6,7.48,51.99,12.0,11.9,1.36,73.96,19.1,11.1,1.18,0.35,1.9,7.1,53.4,9.32,3.0,-3.1,17.8,45.75,0.66,-49.2,14.7,0.63,17.2,388.72,-2.94,0.55,6.51,164889.0,TFX,Teleflex Incorporated,Healthcare,Medical Instruments & Supplies
25.35,7.55,0.2,500600000.0,97360000000.0,22.09,8.66,-21.95,499630000.0,3820000000.0,1.87,2.44,82.8,1.03,88620000000.0,1.1,16.8,1.31,26.61,7.19,-5.86,8.2,11.78,16.24,13.59,31.3,2.72,16.14,10.4,16.0,0.99,1.42,0.4,1.5,29.2,4.18,1.0,21.3,6.7,61.46,0.95,46.3,4.3,0.94,34.9,191.27,3.72,8.64,33.49,4586624.0,TGT,Target Corporation,Consumer Defensive,Discount Stores
113.06,0.6,0.1,1200000000.0,81190000000.0,25.55,2.66,-9.15,1200000000.0,749700000.0,24.34,0.62,92.5,1.15,33400000000.0,2.43,9.8,1.91,4.64,14.67,538.85,2.8,8.87,7.67,4.65,14.3,1.04,15.46,11.1,40.2,0.97,1.53,1.0,7.5,26.3,1.35,1.4,-3.2,3.1,54.17,1.11,5.5,2.2,0.98,78.7,68.06,-0.03,4.15,21.58,4314254.0,TJX,"The TJX Companies, Inc.",Consumer Cyclical,Apparel Retail
59.5,1.37,55.0,497090000.0,39540000000.0,39.74,2.05,0.0,169050000.0,683000000.0,3.03,0.46,38.1,0.73,5950000000.0,6.64,161.7,3.19,19.01,4.29,16.07,11.0,3.51,23.23,19.65,20.2,1.52,146.99,-22.1,9.1,0.48,1.86,1.5,-14.1,94.6,1.3,1.5,2.1,19.7,54.7,0.43,433.8,31.6,0.42,39.7,81.51,1.13,0.65,8.53,279337.0,TRI,Thomson Reuters Corporation,Industrials,Consulting Services
12.11,3.74,0.05,940000000.0,42470000000.0,13.61,3.33,0.0,938810000.0,3510000000.0,6.06,0.8,60.2,1.41,10260000000.0,4.14,14.4,6.95,23.76,1.91,3.68,4.3,1.26,35.94,2.0,15.9,2.54,13.41,11.7,6.6,0.8,5.61,0.5,5.4,69.7,1.16,0.5,2.0,44.3,64.33,1.78,21.4,34.3,1.62,104.9,45.29,7.51,5.13,2.12,2377163.0,TRP,TC Energy Corporation,Energy,Oil & Gas Midstream
54.82,1.69,0.2,190200000.0,17880000000.0,27.83,3.32,-24.71,189520000.0,324300000.0,4.53,0.8,99.4,0.86,2700000000.0,6.62,23.4,1.36,12.1,7.64,11.32,4.6,3.11,29.76,12.11,14.8,0.3,35.85,78.7,8.8,1.22,0.32,2.0,15.3,66.9,2.16,2.0,1.0,21.0,41.93,1.57,11.9,12.0,1.55,17.5,92.48,-3.55,-2.79,6.59,884317.0,TRU,TransUnion,Industrials,Consulting Services
24.09,6.44,0.1,116340000.0,17960000000.0,23.91,6.49,-62.66,115920000.0,757200000.0,1.54,1.48,92.3,4.26,9930000000.0,1.81,8.0,3.7,16.12,9.63,-3.13,12.2,9.61,16.15,15.66,46.7,1.6,17.99,11.9,29.1,1.0,1.03,0.6,7.9,35.3,3.51,1.5,31.4,10.1,67.59,0.5,59.1,7.6,0.3,22.3,155.18,4.65,10.13,16.69,750760.0,TSCO,Tractor Supply Company,Consumer Cyclical,Specialty Retail
11.17,5.9,1.2,363000000.0,24040000000.0,10.31,6.39,-0.07,287860000.0,2140000000.0000002,2.54,1.49,79.0,1.06,43190000000.0,0.56,5.5,1.23,42.6,1.55,12.14,6.2,3.89,16.93,4.4,14.5,1.78,11.59,14.8,9.7,0.77,2.7,0.9,0.9,13.7,1.65,1.9,5.3,7.2,55.35,0.73,87.5,5.0,0.7,28.5,65.9,2.56,1.83,6.68,2040665.0,TSN,"Tyson Foods, Inc.",Consumer Defensive,Farm Products
37.39,4.13,0.2,240400000.0,37390000000.0,29.91,5.16,-41.63,239120000.0,1000000000.0,5.88,0.91,85.1,0.82,13430000000.0,2.79,3.9,1.47,26.48,5.83,19.07,4.9,13.18,11.72,6.36,14.3,2.12,37.02,11.4,13.0,0.99,1.37,1.4,5.2,30.8,3.35,1.7,0.7,11.7,66.08,0.83,6.5,6.8,0.71,56.2,154.44,4.4,6.3,33.89,953016.0,TT,Trane Technologies plc,Industrials,Specialty Industrial Machinery
33.12,3.04,0.3,107950000.0,11130000000.0,25.82,3.89,-39.77,107240000.0,329700000.0,2.85,0.74,83.7,0.96,3380000000.0,3.29,20.1,2.59,10.33,9.73,12.36,12.0,4.33,23.19,11.6,32.4,1.05,31.47,11.3,18.3,0.76,1.04,0.9,7.2,35.2,1.95,1.7,14.5,12.6,65.01,0.71,88.0,9.8,0.62,32.7,100.51,3.8,8.54,29.02,406917.0,TTC,The Toro Company,Industrials,Tools & Accessories
25.14,0.83,0.2,1280000000.0,26540000000.0,16.75,1.25,0.0,1270000000.0,1040000000.0,7.4,0.25,56.94,0.39,11960000000.0,2.22,8.2,4.41,7.48,2.79,12.56,3.3,0.39,54.0,3.4,11.1,0.98,48.83,4.7,8.6,0.76,4.7,0.7,4.1,60.1,0.27,0.8,7.4,17.4,68.91,1.57,-33.7,8.7,1.47,138.9,20.87,2.59,5.61,16.25,818919.0,TU,TELUS Corporation,Communication Services,Telecom Services
33.09,5.29,0.1,917000000.0,163120000000.0,29.89,5.86,-32.05,915860000.0,4950000000.0,3.31,1.33,86.7,1.46,13740000000.0,11.88,-5.6,3.27,9.08,19.28,6.57,27.9,5.92,29.56,10.0,60.7,4.08,88.75,15.3,34.1,1.06,2.33,3.3,2.0,63.5,3.15,4.2,1.2,38.8,69.12,0.82,-2.8,36.1,0.75,67.1,175.1,5.18,7.79,26.29,3584673.0,TXN,Texas Instruments Incorporated,Technology,Semiconductors
26.49,7.85,0.1,675000000.0,139810000000.0,21.83,9.53,-1.3,672430000.0,5370000000.0,2.97,2.23,81.0,0.81,19600000000.0,7.13,6.0,1.87,25.48,8.16,18.26,8.6,3.96,52.54,8.93,31.7,3.88,57.32,7.8,15.5,1.08,1.87,0.9,-2.0,82.2,4.61,1.1,-10.8,40.4,47.27,1.63,-9.1,27.4,1.52,49.3,207.9,-1.04,1.01,12.61,6346356.0,UNP,Union Pacific Corporation,Industrials,Railroads
45.08,4.55,0.11,1970000000.0,480110000000.0,29.99,6.84,-9.92,1550000000.0,10480000000.0,3.75,1.28,96.1,1.97,21850000000.0,21.98,-18.6,3.58,15.79,12.99,25.52,13.7,8.56,23.96,12.03,34.8,1.28,68.2,10.9,20.2,0.96,0.62,1.9,9.5,79.3,4.03,1.9,-16.9,64.5,43.52,0.77,-52.7,47.9,0.68,22.8,205.14,-2.53,-2.27,4.01,6517948.0,V,Visa Inc.,Financial,Credit Services
30.07,0.58,38.5,5130000000.0,98490000000.0,6.05,2.89,0.0,4210000000.0,2980000000.0,23.13,0.89,19.6,2.2,32830000000.0,3.0,-126.0,2.9,7.3,2.39,50.21,3.6,1.73,10.12,1.3,8.6,0.69,41.45,-32.8,2.1,1.08,3.95,1.2,12.5,46.7,0.56,1.6,42.4,19.1,52.66,0.44,141.1,9.1,0.41,180.5,17.47,-1.02,11.13,50.47,33206400.0,VALE,Vale S.A.,Basic Materials,Other Industrial Metals & Mining
34.45,4.61,0.1,132570000.0,21010000000.0,31.87,4.98,-2.22,131759999.99999999,614700000.0,4.32,0.98,92.1,0.96,4870000000.0,4.32,20.6,1.4,44.72,3.55,8.73,5.5,8.2,19.38,7.97,10.7,1.36,35.4,24.5,8.8,0.57,0.86,1.7,10.5,26.1,4.32,2.1,-7.7,18.3,59.37,0.55,-7.7,12.6,0.47,28.8,158.86,3.53,8.96,23.78,623989.0,VMC,Vulcan Materials Company,Basic Materials,Building Materials
48.27,4.04,0.1,162500000.0,32330000000.0,35.89,5.43,-67.61,160880000.0,668700000.0,4.37,1.3,92.6,0.87,2750000000.0,11.76,-24.2,2.18,14.9,13.08,6.85,9.5,1.34,145.75,11.05,29.9,1.08,55.3,5.2,10.7,0.78,0.55,0.6,12.7,63.9,3.93,0.6,7.7,35.9,44.51,1.3,468.3,24.3,1.11,25.8,194.87,-2.59,-2.07,8.09,588737.0,VRSK,"Verisk Analytics, Inc.",Industrials,Consulting Services
12.95,4.42,0.03,4139999999.9999995,235580000000.0,11.46,5.0,-0.87,4139999999.9999995,18310000000.0,5.46,1.17,66.3,0.87,128380000000.0,1.84,23.8,2.29,15.72,3.64,2.99,6.2,2.18,26.23,2.37,29.4,2.51,20.46,14.0,13.7,0.46,4.38,1.0,0.7,59.5,0.75,1.1,-4.1,19.3,36.87,1.78,-16.2,14.3,1.69,55.6,57.27,-1.64,-3.99,-1.21,13604851.0,VZ,Verizon Communications Inc.,Communication Services,Telecom Services
33.44,2.42,0.5,189800000.0,15730000000.0,18.7,4.32,-38.03,180170000.0,462200000.0,4.58,1.03,96.5,2.22,7900000000.0,1.99,-36.7,2.85,52.78,1.53,13.05,2.5,2.88,28.12,7.3,4.7,0.48,24.51,-12.7,3.8,1.67,0.59,0.7,21.9,29.2,2.01,1.2,-6.8,10.2,61.39,0.42,41.9,5.9,0.38,19.8,80.86,4.56,8.62,25.54,804559.0,WAB,Wabtec Corporation,Industrials,Railroads
131.78,0.78,1.0,263000000.0,27010000000.0,34.95,2.95,-2.45,262339999.99999997,207300000.0,15.49,0.63,70.3,0.43,5410000000.0,4.99,3.6,1.27,25.33,4.06,13.31,1.5,3.27,31.44,8.51,3.1,0.82,21.11,7.0,6.2,0.64,0.8,1.4,21.8,40.0,1.45,1.4,-1.6,7.6,51.36,0.71,-0.3,3.8,0.7,91.1,102.92,0.49,-0.61,4.85,681926.0,WCN,"Waste Connections, Inc.",Industrials,Waste Management
13.18,14.8,0.45,62600000.0,12100000000.0,10.2,19.12,-13.34,62260000.0,940000000.0,65.89,6.03,97.2,6.63,19040000000.0,0.64,765.2,5.76,53.85,3.62,6.81,4.5,56.89,3.43,0.2,27.6,5.0,8.53,19.0,15.7,1.87,2.56,0.8,0.5,18.6,5.58,1.0,3.9,7.0,59.16,2.08,12.5,4.6,1.47,34.6,195.05,4.73,3.59,21.55,628274.0,WHR,Whirlpool Corporation,Consumer Cyclical,"Furnishings, Fixtures & Appliances"
27.08,0.24,79.0,5700000000.0,36420000000.0,24.1,0.27,0.0,1690000000.0,1390000000.0,3.01,0.07,2.4,0.88,8400000000.0,4.33,11.2,9.11,1.27,5.18,7.48,11.8,1.12,5.89,9.0,17.8,0.01,22.27,4.8,12.4,0.64,0.15,1.8,5.4,30.4,0.18,1.8,1.3,18.8,73.15,0.18,20.0,16.5,0.02,419.1,6.58,10.13,19.51,53.01,2456737.0,WIT,Wipro Limited,Technology,Information Technology Services
37.46,2.25,0.5,127700000.0,10910000000.0,23.84,3.53,-12.45,34180000.0,288000000.0,5.05,0.73,27.9,2.44,7420000000.0,1.47,-57.3,2.73,46.59,1.8,70.02,2.1,9.38,8.97,7.41,4.9,1.08,22.88,-8.5,5.9,1.45,1.28,2.1,13.0,12.8,2.56,2.8,-8.1,4.8,50.29,0.62,-63.5,3.9,0.62,47.0,84.09,-0.7,4.29,35.63,386182.0,WLK,Westlake Chemical Corporation,Basic Materials,Specialty Chemicals
32.35,3.54,0.1,422600000.0,48390000000.0,24.87,4.61,-24.19,421800000.0,1510000000.0,7.39,1.09,79.3,0.85,15000000000.0,3.23,-11.7,2.29,16.93,6.77,15.2,5.7,1.66,68.83,4.38,21.6,2.3,39.21,7.0,10.4,0.75,2.01,1.2,2.0,47.7,1.87,1.2,-2.7,15.8,41.68,1.46,-20.3,10.0,1.43,60.4,114.58,-1.69,-2.87,4.06,2268444.0,WM,"Waste Management, Inc.",Industrials,Waste Management
114.05,0.19,0.15,1210000000.0,26520000000.0,18.01,1.2,0.0,1210000000.0,231000000.0,22.81,0.31,88.3,2.03,7730000000.0,3.43,543.1,2.57,9.91,2.19,80.09,0.5,0.06,378.87,5.0,1.7,1.6,18.69,-24.6,3.9,1.53,7.38,0.7,1.4,78.8,0.65,0.8,-3.3,12.7,51.81,1.86,39.9,2.8,1.82,888.5,21.67,2.12,2.66,8.55,7694735.0,WMB,"The Williams Companies, Inc.",Energy,Oil & Gas Midstream
20.91,6.93,0.9,2830000000.0,416420000000.0,25.23,5.74,-54.2,1380000000.0,19740000000.0,3.02,1.5,30.4,1.0,548740000000.0,0.76,114.9,1.92,28.74,5.04,2.74,8.2,4.98,29.07,6.93,26.4,2.16,22.96,0.9,12.1,0.48,1.49,0.2,1.5,24.8,2.08,0.8,5.2,4.1,45.58,0.62,56.8,3.6,0.56,30.8,144.85,-0.49,-1.79,7.14,4783285.0,WMT,Walmart Inc.,Consumer Defensive,Discount Stores
42.98,0.95,0.2,449130000.0,18940000000.0,26.08,1.57,0.0,448860000.0,428100000.0,1.59,0.38,64.1,1.8,1030000000.0,18.33,-80.0,3.51,12.36,3.31,37.46,7.0,0.45,90.28,26.97,8.0,0.48,30.64,-19.1,2.2,0.29,1.17,6.1,6.8,50.3,1.42,6.1,37.4,43.7,43.79,0.09,95.5,41.4,0.09,40.8,40.87,-3.88,-3.28,-9.48,2453298.0,WPM,Wheaton Precious Metals Corp.,Basic Materials,Gold
72.7,4.12,0.1,73900000.0,22100000000.0,58.5,5.12,-26.64,73500000.0,311700000.0,3.55,1.13,94.5,0.9,2040000000.0,10.85,18.2,1.56,23.26,12.88,12.84,13.0,7.04,42.56,20.5,19.5,0.66,96.69,12.9,13.0,1.0,0.22,2.1,5.3,34.8,7.1,2.8,20.1,18.1,60.27,0.15,45.6,15.3,0.15,15.2,299.68,2.86,6.15,18.92,486549.0,WST,"West Pharmaceutical Services, Inc.",Healthcare,Medical Instruments & Supplies
50.82,0.66,0.2,747000000.0,25000000000.0,28.09,1.19,-3.93,744970000.0,491000000.0,10.16,0.43,82.3,1.44,7020000000.0,3.56,-110.3,2.62,11.42,2.92,-3.5,3.0,1.05,31.77,5.0,6.0,0.85,30.71,-16.0,3.9,1.9,2.55,2.0,3.6,23.7,0.75,2.5,26.3,18.5,56.95,0.7,185.1,7.0,0.7,129.3,33.34,0.43,6.41,25.67,5861817.0,WY,Weyerhaeuser Company,Real Estate,REIT - Specialty
57.59,2.45,0.1,244840000.0,35460000000.0,42.2,3.35,-2.79,244650000.0,611900000.0,6.4,0.68,87.8,2.7,2970000000.0,11.93,-8.9,1.77,10.02,14.09,27.96,11.8,12.32,11.45,9.0,25.2,1.52,51.03,5.8,21.1,1.02,1.08,3.2,5.9,68.9,4.95,3.5,-8.0,24.2,48.75,0.81,-11.7,20.6,0.61,60.6,141.16,-1.19,0.39,28.54,3364310.0,XLNX,"Xilinx, Inc.",Technology,Semiconductors
32.37,1.83,0.2,419340000.0,25020000000.0,29.29,2.03,-0.85,418300000.0,723000000.0,3.73,0.26,83.4,4.18,8029999999.999999,3.11,9.2,8.3,15.41,3.85,30.23,9.4,9.97,5.95,8.69,18.9,0.48,46.32,153.0,20.9,0.85,0.81,2.2,4.8,42.7,1.35,2.4,1.3,10.9,57.87,0.0,91.0,9.0,0.0,12.7,59.31,2.36,2.37,12.67,1194448.0,YUMC,"Yum China Holdings, Inc.",Consumer Cyclical,Restaurants
