trans_date,ticker,qty,price,action,comm_fees,trans_amount,total_plus_comm_fees,acct_bal,pred_trend,date,Open,High,Low,Volume,Close,SMA20,RSI14,MOM5,OBV,ATR14,recom_type_ordinal,compound,pred_close,right_call?,real_trend
2019-10-10,RCI,0,45.90922856813277,hold,0.0,0.0,0.0,50000.0,down,2019-10-10,45.90922856813277,46.00493114657899,45.68910971705097,339300.0,45.81352233886719,47.300284957885744,31.199303506040465,-0.8613357543945312,24697814024.0,0.619350746884141,0.0,0.0,45.3602294921875,no,-
2019-10-11,RCI,0,46.16763215254422,hold,0.0,0.0,0.0,50000.0,down,2019-10-11,46.16763215254422,46.62701112286562,46.08149836743274,408900.0,46.14849090576172,47.179697799682614,36.94733699702047,-0.5933609008789134,24698222924.0,0.6332177495351617,0.0,0.0,45.80021286010742,no,up
2019-10-14,RCI,0,46.25376433006973,hold,0.0,0.0,0.0,50000.0,down,2019-10-14,46.25376433006973,46.25376433006973,45.727389188894406,125800.0,45.784812927246094,47.05289001464844,33.65935192219446,-0.6316413879394531,24698097124.0,0.625586134652316,0.0,0.0,45.46662902832031,yes,down
2019-10-15,RCI,0,0.0,hold,0.0,0.0,0.0,50000.0,up,2019-10-15,46.02407991861483,46.464317692769214,45.727396035604734,506200.0,46.38775634765625,46.9394811630249,42.754906858361466,0.48810195922852273,24698603324.0,0.6335386719746134,0.0,0.0,46.270320892333984,yes,up
2019-10-16,RCI,0,0.0,hold,0.0,0.0,0.0,50000.0,up,2019-10-16,46.23462031466235,47.70845966921729,46.18676537682592,746800.0,47.373497009277344,46.88492965698242,53.88631516246127,1.5121192932128906,24699350124.0,0.696978359147239,0.0,0.0,47.091705322265625,yes,up
2019-10-17,RCI,0,47.44049607500497,hold,0.0,0.0,0.0,50000.0,down,2019-10-17,47.44049607500497,47.63190490025493,47.028968378504445,415400.0,47.43092727661133,46.84616985321045,54.44214007904681,1.6174049377441406,24699765524.0,0.690261085047471,0.0,0.0,47.2105827331543,no,up
2019-10-18,RCI,0,0.0,hold,0.0,0.0,0.0,50000.0,up,2019-10-18,47.68932743966767,48.00514889016383,47.3830711365041,290400.0,47.61276245117188,46.81650180816651,56.24060207783589,1.4642715454101634,24700055924.0,0.6853908470912039,0.0,0.0,47.49134063720703,yes,up
2019-10-21,RCI,0,0.0,hold,0.0,0.0,0.0,50000.0,up,2019-10-21,47.99557873388595,48.70378660333397,47.76588742571772,1575400.0,48.49323654174805,46.858611488342284,63.710894183354505,2.708423614501953,24701631324.0,0.7143646545962669,0.0,0.0,48.25105667114258,yes,up
2019-10-22,RCI,0,48.33054032521554,hold,0.0,0.0,0.0,50000.0,down,2019-10-22,48.33054032521554,48.761209236495205,48.25397534062387,811100.0,48.5506591796875,46.879187965393065,64.14084378865238,2.16290283203125,24702442424.0,0.6995696004016291,0.0,0.0,48.342838287353516,no,up
2019-10-23,RCI,0,45.89965589744356,hold,0.0,0.0,0.0,50000.0,down,2019-10-23,45.89965589744356,46.01450337200588,44.58851159482128,2705300.0,44.69378662109375,46.72606163024902,34.54013351831314,-2.6797103881835938,24699737124.0,0.9326108850062429,0.0,0.0,45.45294952392578,yes,down
2019-10-24,RCI,0,0.0,hold,0.0,0.0,0.0,50000.0,up,2019-10-24,45.0670330302613,45.26801064006353,43.9664350989872,1263700.0,44.186553955078125,46.54853057861328,32.421035918373406,-3.244373321533203,24698473424.0,0.9589655032969635,5.0,0.0,45.18146896362305,no,down
2019-10-25,RCI,0,0.0,hold,0.0,0.0,0.0,50000.0,up,2019-10-25,44.16741657190646,45.29672455263209,44.08128278860299,1582700.0,44.808631896972656,46.44947700500488,37.486540925489756,-2.804130554199226,24700056124.0,0.977285236206402,0.0,0.0,44.72312545776367,yes,up
2019-10-28,RCI,0,0.0,hold,0.0,0.0,0.0,50000.0,up,2019-10-28,44.87561908420021,45.56468926848274,44.87561908420021,602100.0,45.39242172241211,46.38726921081543,41.88872337581961,-3.1008148193359375,24700658224.0,0.9614832458709505,0.0,0.0,44.83448791503906,yes,up
2019-10-29,RCI,0,45.22972891274722,hold,0.0,0.0,0.0,50000.0,down,2019-10-29,45.22972891274722,45.50727151240012,44.856483730851,497800.0,44.904335021972656,46.28534469604492,39.391149745028606,-3.6463241577148438,24700160424.0,0.939290712705106,0.0,0.0,44.35243225097656,yes,down
2019-10-30,RCI,0,44.94261878367493,hold,0.0,0.0,0.0,50000.0,down,2019-10-30,44.94261878367493,45.02875257045278,44.18655594982706,618000.0,44.84691619873047,46.20112533569336,39.09582924034072,0.15312957763671875,24699542424.0,0.9323554204137213,0.0,0.0,44.552764892578125,yes,down
2019-10-31,RCI,0,44.741637983529486,hold,0.0,0.0,0.0,50000.0,down,2019-10-31,44.741637983529486,45.0766006578378,44.70335549194586,345500.0,45.06703186035156,46.12073402404785,40.924288327303046,0.8804779052734375,24699887924.0,0.8924189736621658,0.0,0.0,44.719539642333984,no,up
2019-11-01,RCI,0,45.16273416418923,hold,0.0,0.0,0.0,50000.0,down,2019-11-01,45.16273416418923,45.19144785811222,44.72249646610948,283900.0,45.01918029785156,46.0346004486084,40.638655965350615,0.21054840087890625,24699604024.0,0.8621712892579209,0.0,0.0,44.67243957519531,yes,down
2019-11-04,RCI,0,45.02875320712809,hold,0.0,0.0,0.0,50000.0,down,2019-11-04,45.02875320712809,45.18187953569608,44.741641797415554,814600.0,44.818206787109375,45.95468807220459,39.395015262409004,-0.5742149353027344,24698789424.0,0.8320331784738215,0.0,0.0,44.39076614379883,yes,down
2019-11-05,RCI,0,44.88519776983891,hold,0.0,0.0,0.0,50000.0,down,2019-11-05,44.88519776983891,45.16273672079727,44.82777402956157,336700.0,45.076602935791016,45.91353549957275,41.858629779617104,0.17226791381835938,24699126124.0,0.7972115181319696,0.0,0.0,44.601863861083984,no,up
2019-11-06,RCI,0,45.00960943579605,hold,0.0,0.0,0.0,50000.0,down,2019-11-06,45.00960943579605,45.66039720842209,44.93304810121504,466900.0,45.63168716430664,45.90205097198486,46.856364542638275,0.7847709655761719,24699593024.0,0.7922213459230465,0.0,0.0,45.06525421142578,no,up
2019-11-07,RCI,0,45.69867679078008,hold,0.0,0.0,0.0,50000.0,down,2019-11-07,45.69867679078008,46.08149439176351,45.41156541545211,352800.0,45.89965438842773,45.90635757446289,49.129680894946276,0.8326225280761648,24699945824.0,0.783486176665072,0.0,0.0,45.34383773803711,no,up
2019-11-08,RCI,0,45.71782088435901,hold,0.0,0.0,0.0,50000.0,down,2019-11-08,45.71782088435901,45.93793974085227,45.12445685160245,331500.0,45.25844192504883,45.86185512542725,44.25166518640521,0.23926162719726562,24699614324.0,0.785628798992554,0.0,0.0,45.01178741455078,yes,down
2019-11-11,RCI,0,0.0,hold,0.0,0.0,0.0,50000.0,up,2019-11-11,45.12445341428308,45.68910735995177,45.12445341428308,305600.0,45.679534912109375,45.85659122467041,47.9094561266636,0.861328125,24699919924.0,0.7698448808979921,0.0,0.0,45.451080322265625,yes,up
2019-11-12,RCI,0,45.67953609224121,hold,0.0,0.0,0.0,50000.0,down,2019-11-12,45.67953609224121,45.81352115894288,45.0383208013634,374000.0,45.49769973754883,45.81208839416504,46.49092224255289,0.4210968017578125,24699545924.0,0.7702274149466702,0.0,0.0,45.24570846557617,yes,down
2019-11-13,RCI,0,0.0,hold,0.0,0.0,0.0,50000.0,up,2019-11-13,45.37328650066893,46.18676940333832,45.35414525402948,364300.0,45.97622299194336,45.74222469329834,50.63341178089503,0.34453582763671875,24699910224.0,0.7746843245439676,0.0,0.0,45.647125244140625,yes,up
2019-11-14,RCI,0,45.89008996694752,hold,0.0,0.0,0.0,50000.0,down,2019-11-14,45.89008996694752,45.89008996694752,45.45942103748116,263200.0,45.74653244018555,45.658004951477054,48.68511582651517,-0.1531219482421804,24699647024.0,0.7562641552524131,0.0,0.0,45.39107131958008,yes,down
2019-11-15,RCI,0,0.0,hold,0.0,0.0,0.0,50000.0,up,2019-11-15,45.68911329541304,46.320759854758855,45.68911329541304,258800.0,46.138919830322266,45.58431282043457,52.07756396945873,0.8804779052734375,24699905824.0,0.747362898401942,0.0,0.0,45.846900939941406,yes,up
2019-11-18,RCI,0,46.00493023739213,hold,0.0,0.0,0.0,50000.0,down,2019-11-18,46.00493023739213,46.34946535430051,45.75610134785789,249900.0,45.79438018798828,45.44937000274658,49.01352262620814,0.11484527587890625,24699655924.0,0.7363629775477047,0.0,0.0,45.50762176513672,yes,down
2019-11-19,RCI,0,45.803955711234,hold,0.0,0.0,0.0,50000.0,down,2019-11-19,45.803955711234,45.90923074300368,45.58383684972445,245800.0,45.77524566650391,45.3105993270874,48.841653681458816,0.27754592895508523,24699410124.0,0.7070080429570996,0.0,0.0,45.58448028564453,yes,down
2019-11-20,RCI,0,45.64125679323982,hold,0.0,0.0,0.0,50000.0,down,2019-11-20,45.64125679323982,45.70824933127549,45.29672530512191,282900.0,45.52641296386719,45.352230644226076,46.55539160729589,-0.4498100280761719,24699127224.0,0.6906874942731641,0.0,0.0,45.24159622192383,yes,down
2019-11-21,RCI,0,45.258440194855325,hold,0.0,0.0,0.0,50000.0,down,2019-11-21,45.258440194855325,45.5838340682796,45.06703138975529,319400.0,45.344573974609375,45.41013164520264,44.90130277450999,-0.4019584655761719,24698807824.0,0.678267150291103,0.0,0.0,45.07012176513672,yes,down
2019-11-22,RCI,0,45.3349994466856,hold,0.0,0.0,0.0,50000.0,down,2019-11-22,45.3349994466856,45.6603933051826,45.20101438450785,194400.0,45.507266998291016,45.44506340026855,46.725106266556345,-0.63165283203125,24699002224.0,0.6626322767470779,0.0,0.0,45.130584716796875,no,up
2019-11-25,RCI,0,45.641252697604266,hold,0.0,0.0,0.0,50000.0,down,2019-11-25,45.641252697604266,45.909226476519706,45.52640887853718,255600.0,45.727386474609375,45.46181163787842,49.17629772410341,-0.06699371337890625,24699257824.0,0.6440127911386216,0.0,0.0,45.37022018432617,no,up
2019-11-26,RCI,0,45.851805473261415,hold,0.0,0.0,0.0,50000.0,down,2019-11-26,45.851805473261415,45.851805473261415,45.22972775218347,308000.0,45.53598403930664,45.49339408874512,47.14504317128166,-0.23926162719727273,24698949824.0,0.6424460004200017,0.0,0.0,45.19847106933594,yes,down
2019-11-27,RCI,0,45.488129370627234,hold,0.0,0.0,0.0,50000.0,down,2019-11-27,45.488129370627234,45.966649574066,45.488129370627234,404500.0,45.58383560180664,45.530240058898926,47.72637551105249,0.057422637939453125,24699354324.0,0.6307370149213417,0.0,0.0,45.33586883544922,no,up
2019-11-29,RCI,0,0.0,hold,0.0,0.0,0.0,50000.0,up,2019-11-29,45.69868278846703,46.31118810977293,45.69868278846703,180600.0,46.23462677001953,45.588619804382326,54.97884059579323,0.8900527954101562,24699534924.0,0.6376381215674093,0.0,0.0,46.00529098510742,yes,up
2019-12-02,RCI,0,46.24419484814179,hold,0.0,0.0,0.0,50000.0,down,2019-12-02,46.24419484814179,46.35903868139294,45.51684570312499,1109300.0,45.516845703125,45.613503074646,47.20053524924209,0.009578704833984375,24698425624.0,0.6522491827603047,0.0,0.0,45.252872467041016,yes,down
2019-12-03,RCI,0,45.40199197777447,hold,0.0,0.0,0.0,50000.0,down,2019-12-03,45.40199197777447,45.63168326352141,45.0957393639913,313800.0,45.507266998291016,45.64795608520508,47.10475991399126,-0.22011947631835938,24698111824.0,0.6439416625295766,0.0,0.0,45.3004150390625,yes,down
2019-12-04,RCI,0,0.0,hold,0.0,0.0,0.0,50000.0,up,2019-12-04,45.77524427200556,46.29204331550095,45.50727047635007,396800.0,46.282474517822266,45.70824966430664,55.053503251621336,0.746490478515625,24698508624.0,0.6540012807210306,0.0,0.0,45.97541427612305,yes,up
2019-12-05,RCI,0,46.39731625362761,hold,0.0,0.0,0.0,50000.0,down,2019-12-05,46.39731625362761,46.67485883445708,46.11020487555058,358400.0,46.44516754150391,45.7489236831665,56.52991669530992,0.8613319396972727,24698867024.0,0.6476193291628501,0.0,0.0,46.14239501953125,no,up
2019-12-06,RCI,0,46.46430977192959,hold,0.0,0.0,0.0,50000.0,down,2019-12-06,46.46430977192959,46.74185235864337,46.33989350015801,276100.0,46.58872604370117,45.78337726593018,57.84574208858584,0.3540992736816406,24699143124.0,0.6300721526858865,0.0,0.0,46.322601318359375,no,up
2019-12-09,RCI,0,46.59829119912109,hold,0.0,0.0,0.0,50000.0,down,2019-12-09,46.59829119912109,46.84712372321599,46.253759755543534,831100.0,46.263328552246094,45.83362159729004,53.86567952261968,0.7464828491210938,24698312024.0,0.6274501394706411,0.0,0.0,46.030616760253906,yes,down
2019-12-10,RCI,0,46.22281916323439,hold,0.0,0.0,0.0,50000.0,down,2019-12-10,46.22281916323439,46.3289238901628,45.90450866204159,396200.0,45.93344497680664,45.8463171005249,50.10206364198228,0.426177978515625,24697915824.0,0.6129476458028243,0.0,0.0,45.77582931518555,yes,down
2019-12-11,RCI,0,0.0,hold,0.0,0.0,0.0,50000.0,up,2019-12-11,45.96238149155661,46.23246355449682,45.76946415534555,271100.0,46.17458724975586,45.88016147613526,52.70353570112829,-0.10788726806640625,24698186924.0,0.6022370567562844,0.0,0.0,45.99333190917969,yes,up
2019-12-12,RCI,0,46.17458715804453,hold,0.0,0.0,0.0,50000.0,down,2019-12-12,46.17458715804453,46.63758655627619,46.06848243935959,259200.0,46.29998397827149,45.89634952545166,54.045263448586276,-0.14518356323242188,24698446124.0,0.5998704181963068,0.0,0.0,46.09695053100586,no,up
2019-12-13,RCI,0,0.0,hold,0.0,0.0,0.0,50000.0,up,2019-12-13,46.1552992131784,46.95590494110823,46.1552992131784,459300.0,46.724403381347656,45.94524307250977,58.35177781553148,0.13567733764648438,24698905424.0,0.614208654605844,0.0,0.0,46.49312973022461,yes,up
2019-12-16,RCI,0,0.0,hold,0.0,0.0,0.0,50000.0,up,2019-12-16,46.93660698917324,47.08129590594332,46.60864863347411,347400.0,47.004127502441406,45.98850345611572,60.949213349904866,0.7407989501953125,24699252824.0,0.6040971273103702,0.0,0.0,46.77163314819336,yes,up
2019-12-17,RCI,0,46.88838162760712,hold,0.0,0.0,0.0,50000.0,down,2019-12-17,46.88838162760712,46.99448634953003,46.61829955696135,199000.0,46.64723587036133,46.03114624023438,56.13859422073778,0.7137908935546875,24699053824.0,0.5885064714653481,0.0,0.0,46.49052429199219,yes,down
2019-12-18,RCI,0,46.57971468596151,hold,0.0,0.0,0.0,50000.0,down,2019-12-18,46.57971468596151,46.65687941378767,46.04919476353303,312400.0,46.16494369506836,46.0506311416626,50.354567706240246,-0.0096435546875,24698741424.0,0.5898763413788689,0.0,0.0,46.073402404785156,yes,down
2019-12-19,RCI,0,0.0,hold,0.0,0.0,0.0,50000.0,up,2019-12-19,46.16494563731033,47.83367388222051,46.15529774618104,528200.0,47.61182022094727,46.1549015045166,62.752982956154526,1.3118362426757812,24699269624.0,0.6676263267117688,0.0,0.0,47.203834533691406,yes,up
2019-12-20,RCI,0,47.63111124118864,hold,0.0,0.0,0.0,50000.0,down,2019-12-20,47.63111124118864,48.00729803565056,47.38031759181918,468300.0,47.50571441650391,46.26295852661133,61.53922727781944,0.7813110351562571,24698801324.0,0.6647230493631694,0.0,0.0,47.06209945678711,yes,down
2019-12-23,RCI,0,47.83367468579719,hold,0.0,0.0,0.0,50000.0,down,2019-12-23,47.83367468579719,47.83367468579719,47.33209104682567,259800.0,47.66004943847656,46.3705976486206,62.67022644349149,0.6559219360351562,24699061124.0,0.6530702343351947,0.0,0.0,47.434242248535156,no,up
2019-12-24,RCI,0,47.63110859661351,hold,0.0,0.0,0.0,50000.0,down,2019-12-24,47.63110859661351,47.6504006977702,47.418899163482,186300.0,47.486419677734375,46.45854930877685,60.51423904737633,0.8391838073730469,24698874824.0,0.6236473800965779,0.0,0.0,47.30817794799805,yes,down
2019-12-26,RCI,0,0.0,hold,0.0,0.0,0.0,50000.0,up,2019-12-26,47.53465063407516,47.6504032472084,47.39960959834531,163500.0,47.63111114501953,46.5633056640625,61.69679977393167,1.4661674499511719,24699038324.0,0.5970149707227578,0.0,0.0,47.57081604003906,yes,up
2019-12-27,RCI,0,47.71792118199629,hold,0.0,0.0,0.0,50000.0,down,2019-12-27,47.71792118199629,47.84331432004777,47.66968908933889,219300.0,47.79508590698242,46.67386817932129,63.04745968876535,0.18326568603514914,24699257624.0,0.5695284138874348,0.0,0.0,47.546478271484375,no,up
2019-12-30,RCI,0,47.727569959146535,hold,0.0,0.0,0.0,50000.0,down,2019-12-30,47.727569959146535,47.85296678878752,47.54430050012696,239800.0,47.66004943847656,46.74513931274414,61.135566452793064,0.15433502197264914,24699017824.0,0.5508954049426581,0.0,0.0,47.40895080566406,yes,down
2019-12-31,RCI,0,47.72756962308142,hold,0.0,0.0,0.0,50000.0,down,2019-12-31,47.72756962308142,48.01694380671407,47.602172794323394,220300.0,47.91083908081055,46.86483898162842,63.357950007705,0.2507896423339844,24699238124.0,0.5411722340460877,0.0,0.0,47.61779022216797,no,up
2020-01-02,RCI,0,48.0748184098662,hold,0.0,0.0,0.0,50000.0,down,2020-01-02,48.0748184098662,48.09411051203632,47.57323479221972,297300.0,47.93977737426758,46.986464500427246,63.616484998571366,0.4533576965332031,24699535424.0,0.5397224830296958,0.0,0.0,47.69224166870117,no,up
2020-01-03,RCI,0,47.60216922870142,hold,0.0,0.0,0.0,50000.0,down,2020-01-03,47.60216922870142,47.94941969488689,47.46712819842754,284200.0,47.78544235229492,47.061612892150876,61.13887324347077,0.15433120727539062,24699251224.0,0.5356202697032428,0.0,0.0,47.549774169921875,yes,down
2020-01-06,RCI,0,47.72756830504919,hold,0.0,0.0,0.0,50000.0,down,2020-01-06,47.72756830504919,47.99765037836883,47.69863199136274,219000.0,47.872257232666016,47.13296737670898,62.034580621411116,0.07717132568359375,24699470224.0,0.518720135224875,0.0,0.0,47.693267822265625,no,up
2020-01-07,RCI,0,0.0,hold,0.0,0.0,0.0,50000.0,up,2020-01-07,47.80473559050039,48.09410975933889,47.68898297929123,287500.0,48.0748176574707,47.20727195739746,64.11299930338117,0.4147682189941406,24699757724.0,0.5106063241407882,0.0,0.0,47.906185150146484,yes,up
2020-01-08,RCI,0,47.93013412612985,hold,0.0,0.0,0.0,50000.0,down,2020-01-08,47.93013412612985,48.65357146942,47.93013412612985,307900.0,48.17127990722656,47.302669525146484,65.0930404931624,0.2604408264160156,24700065624.0,0.5258085397943141,0.0,0.0,48.026493072509766,no,up
2020-01-09,RCI,0,48.19056999262093,hold,0.0,0.0,0.0,50000.0,down,2020-01-09,48.19056999262093,48.22915419908239,47.67934213558024,235900.0,47.95907211303711,47.40395088195801,61.13752023427551,0.01929473876953125,24699829724.0,0.5275230772020163,0.0,0.0,47.7692756652832,yes,down
2020-01-10,RCI,0,48.10375201659662,hold,0.0,0.0,0.0,50000.0,down,2020-01-10,48.10375201659662,48.20985673276582,47.6407526293427,394700.0,47.737213134765625,47.48208217620849,57.22248115927905,-0.048229217529296875,24699435024.0,0.5304931505035239,0.0,0.0,47.55854034423828,yes,down
2020-01-13,RCI,0,0.0,hold,0.0,0.0,0.0,50000.0,up,2020-01-13,48.01694790387713,48.01694790387713,47.582888431187165,554300.0,47.96871948242188,47.56551895141602,60.09415659727521,0.09646224975586648,24699989324.0,0.5236050306596983,0.0,0.0,47.84998321533203,yes,up
2020-01-14,RCI,0,47.833673451449165,hold,0.0,0.0,0.0,50000.0,down,2020-01-14,47.833673451449165,48.200216039622106,47.76615293252156,363100.0,47.98800659179688,47.628699111938474,60.333068229195,-0.08681106567382102,24700352424.0,0.5172091789769019,0.0,0.0,47.878265380859375,no,up
2020-01-15,RCI,0,48.209861011352594,hold,0.0,0.0,0.0,50000.0,down,2020-01-15,48.209861011352594,48.373842045328736,47.69863316581217,624500.0,47.85296630859375,47.67114105224609,57.72714417915488,-0.3183135986328125,24699727924.0,0.5284948718725923,0.0,0.0,47.71162033081055,yes,down
2020-01-16,RCI,0,0.0,hold,0.0,0.0,0.0,50000.0,up,2020-01-16,47.83367410623114,48.12304828839523,47.83367410623114,573100.0,47.978363037109375,47.73769741058349,59.477437333834374,0.019290924072265625,24700301024.0,0.5114148226076992,0.0,0.0,47.903934478759766,yes,up
2020-01-17,RCI,0,48.016942103355824,hold,0.0,0.0,0.0,50000.0,down,2020-01-17,48.016942103355824,48.0748184098662,47.669691623478094,629700.0,47.93977737426758,47.82643909454346,58.672415578973656,0.20256423950195312,24699671324.0,0.5038228200205851,0.0,0.0,47.80266189575195,yes,down
2020-01-21,RCI,0,47.95906886204787,hold,0.0,0.0,0.0,50000.0,down,2020-01-21,47.95906886204787,47.95906886204787,47.62146259778405,644600.0,47.64075469970703,47.82788581848145,52.71753195369222,-0.32796478271485086,24699026724.0,0.49195020889510177,0.0,0.0,47.313053131103516,yes,down
2020-01-22,RCI,0,0.0,hold,0.0,0.0,0.0,50000.0,up,2020-01-22,47.66969483790289,49.47346787672144,47.553945896669305,798800.0,48.93330001831055,47.899265098571775,67.88880722644247,0.9452934265136648,24699825524.0,0.5939196211206044,0.0,0.0,48.66044616699219,yes,up
2020-01-23,RCI,0,48.89471307990323,hold,0.0,0.0,0.0,50000.0,down,2020-01-23,48.89471307990323,49.087630424243685,48.36419314266118,480900.0,49.03940200805664,47.96823272705078,68.77452118679743,1.1864356994628906,24700306424.0,0.6031708825821688,0.0,0.0,48.70651626586914,no,up
2020-01-24,RCI,0,49.106924249686486,hold,0.0,0.0,0.0,50000.0,down,2020-01-24,49.106924249686486,49.106924249686486,48.27738221563038,420300.0,48.51852798461914,48.01983814239502,60.021855804023275,0.5401649475097656,24699886124.0,0.6193402505445926,0.0,0.0,48.2805290222168,yes,down
2020-01-27,RCI,0,0.0,hold,0.0,0.0,0.0,50000.0,up,2020-01-27,47.93977876534407,48.8561334072576,47.8722582455855,446800.0,48.77896499633789,48.077230834960936,62.585774212866156,0.8391876220703125,24700332924.0,0.6453784584822719,0.0,0.0,48.631160736083984,yes,up
2020-01-28,RCI,0,0.0,hold,0.0,0.0,0.0,50000.0,up,2020-01-28,48.88506666778011,49.155148729942745,48.58604461353425,333400.0,49.13585662841797,48.14426937103271,65.82069154673553,1.4951019287109375,24700666324.0,0.639930291191288,0.0,0.0,48.95396041870117,yes,up
2020-01-29,RCI,0,49.213029402080096,hold,0.0,0.0,0.0,50000.0,down,2020-01-29,49.213029402080096,49.213029402080096,48.34490315438118,416700.0,48.63427734375,48.19298076629639,58.20398762775331,-0.2990226745605469,24700249624.0,0.6562300023704043,0.0,0.0,48.321983337402344,yes,down
2020-01-30,RCI,0,48.35454983017071,hold,0.0,0.0,0.0,50000.0,down,2020-01-30,48.35454983017071,48.50888297259367,48.05552775690457,442800.0,48.47029876708984,48.22095375061035,55.925499809536795,-0.569103240966804,24699806824.0,0.6506956869757634,0.0,0.0,48.22352600097656,yes,down
2020-01-31,RCI,0,48.35454912846078,hold,0.0,0.0,0.0,50000.0,down,2020-01-31,48.35454912846078,48.35454912846078,47.80473708658321,452100.0,48.29667282104492,48.23879852294922,53.53576252116083,-0.22185516357421875,24699354724.0,0.6517575436565394,0.0,0.0,47.98359298706055,yes,down
2020-02-03,RCI,0,48.45100453973305,hold,0.0,0.0,0.0,50000.0,down,2020-02-03,48.45100453973305,48.58604557348247,47.9397767177982,464000.0,47.94942092895508,48.24699745178223,49.02383374034681,-0.8295440673828125,24698890724.0,0.651365494515663,0.0,0.0,47.620792388916016,yes,down
2020-02-04,RCI,0,48.18092265954102,hold,0.0,0.0,0.0,50000.0,down,2020-02-04,48.18092265954102,48.45100472808981,48.10375425161724,443400.0,48.132694244384766,48.260019302368164,51.35409097639846,-1.0031623840332031,24699334124.0,0.6406668019884538,0.0,0.0,47.83391189575195,no,up
2020-02-05,RCI,0,48.315966204018416,hold,0.0,0.0,0.0,50000.0,down,2020-02-05,48.315966204018416,48.38348672466357,47.85296677119776,268900.0,48.15198516845703,48.26387767791748,51.604861743396754,-0.48229217529296875,24699603024.0,0.6327991699511223,0.0,0.0,47.88573455810547,no,up
2020-02-06,RCI,0,0.0,hold,0.0,0.0,0.0,50000.0,up,2020-02-06,48.22915103162416,48.50888099070971,48.16163051454726,291000.0,48.44136047363281,48.27738170623779,55.325230776449516,-0.028938293457024145,24699894024.0,0.6130917879726622,0.0,0.0,48.249515533447266,yes,up
2020-02-07,RCI,0,48.44135895630388,hold,0.0,0.0,0.0,50000.0,down,2020-02-07,48.44135895630388,48.44135895630388,48.12304480326146,295300.0,48.219505310058594,48.29040336608887,52.02325011783741,-0.07716751098632812,24699598724.0,0.5920363510011403,0.0,0.0,47.915138244628906,yes,down
2020-02-10,RCI,0,48.1616318346371,hold,0.0,0.0,0.0,50000.0,down,2020-02-10,48.1616318346371,48.200216039622106,47.74686083002906,301600.0,47.98800659179688,48.30294303894043,48.753455839490066,0.03858566284180398,24699297124.0,0.5835083602174542,0.0,0.0,47.69278335571289,yes,down
2020-02-11,RCI,0,48.13269642384103,hold,0.0,0.0,0.0,50000.0,down,2020-02-11,48.13269642384103,48.17127694995765,47.79509014327596,334500.0,47.91083908081055,48.300049018859866,47.677711825955924,-0.22185516357421875,24698962624.0,0.5686996778220428,0.0,0.0,47.53399658203125,yes,down
2020-02-12,RCI,0,47.88190308587642,hold,0.0,0.0,0.0,50000.0,down,2020-02-12,47.88190308587642,48.2195093686946,47.81438256523127,250900.0,48.15198516845703,48.30824794769287,51.29441376143481,0.0,24699213524.0,0.5570159010821348,0.0,0.0,47.828670501708984,no,up
2020-02-13,RCI,0,47.949421962360645,hold,0.0,0.0,0.0,50000.0,down,2020-02-13,47.949421962360645,47.97836195563938,47.611819370711096,318600.0,47.872257232666016,48.30921249389648,47.217173711133114,-0.5691032409667969,24698894924.0,0.5558123222724063,0.0,0.0,47.416141510009766,yes,down
2020-02-14,RCI,0,47.90119524823045,hold,0.0,0.0,0.0,50000.0,down,2020-02-14,47.90119524823045,47.98800787196645,47.4960721238574,248300.0,47.84331893920898,48.302460289001466,46.80270767351217,-0.3761863708496165,24698646624.0,0.5512497098321666,0.0,0.0,47.454795837402344,yes,down
2020-02-18,RCI,0,0.0,hold,0.0,0.0,0.0,50000.0,up,2020-02-18,47.88190326110241,48.576404252671146,47.7372180075872,335500.0,48.33525848388672,48.322234344482425,54.16787264686226,0.34725189208983664,24698982124.0,0.5718166052072935,0.0,0.0,48.05140686035156,yes,up
2020-02-19,RCI,0,48.33525683133162,hold,0.0,0.0,0.0,50000.0,down,2020-02-19,48.33525683133162,48.614986796659934,48.11340317318608,300100.0,48.54746627807617,48.36756992340088,56.937530741504894,0.636627197265625,24699282224.0,0.566799963654905,0.0,0.0,48.287261962890625,no,up
2020-02-20,RCI,0,48.39312557167984,hold,0.0,0.0,0.0,50000.0,down,2020-02-20,48.39312557167984,48.508878176747416,47.88189777787006,343200.0,47.93012619018555,48.317411231994626,47.87388981590239,-0.22185897827148438,24698939024.0,0.5738548591228485,0.0,0.0,47.581298828125,yes,down
2020-02-21,RCI,0,47.824030432080285,hold,0.0,0.0,0.0,50000.0,down,2020-02-21,47.824030432080285,48.007299890938846,47.3996115258506,313500.0,47.47677993774414,48.239280128479,42.52089640911433,-0.395477294921875,24698625524.0,0.5762715381203767,0.0,0.0,47.25068664550781,yes,down
2020-02-24,RCI,0,46.74369382162924,hold,0.0,0.0,0.0,50000.0,down,2020-02-24,46.74369382162924,47.62146425185591,46.73404961012888,451500.0,47.42854690551758,48.184781074523926,41.98303419681987,-0.41477203369139914,24698174024.0,0.5984960455208521,0.0,0.0,47.11487579345703,yes,down
2020-02-25,RCI,0,47.56359299244863,hold,0.0,0.0,0.0,50000.0,down,2020-02-25,47.56359299244863,47.7179261380422,46.47361308192326,533500.0,46.48325729370117,48.06999568939209,33.13638585220122,-1.8520011901855469,24697640524.0,0.6446258319921441,0.0,0.0,46.26602554321289,yes,down
2020-02-26,RCI,0,46.5025466641778,hold,0.0,0.0,0.0,50000.0,down,2020-02-26,46.5025466641778,47.389964958887006,46.5025466641778,605900.0,46.58935928344727,47.942670822143555,34.79717567984494,-1.9581069946288991,24698246424.0,0.6633459629345505,0.0,0.0,46.4031982421875,no,up
2020-02-27,RCI,0,46.21317414607086,hold,0.0,0.0,0.0,50000.0,down,2020-02-27,46.21317414607086,46.75334198302264,45.779111034198216,1136100.0,45.885215759277344,47.80521774291992,29.55124081377382,-2.044910430908203,24697110324.0,0.6855520333552559,0.0,0.0,45.7255973815918,yes,down
2020-02-28,RCI,0,45.35469310778923,hold,0.0,0.0,0.0,50000.0,down,2020-02-28,45.35469310778923,45.933441436031984,43.96569491225135,853900.0,44.26471328735352,47.59493846893311,21.513107061174722,-3.212066650390618,24696256424.0,0.7771373540999258,0.0,0.0,44.79063034057617,yes,down
2020-03-02,RCI,0,0.0,hold,0.0,0.0,0.0,50000.0,up,2020-03-02,44.3804680051931,46.39644688557844,44.11038590740127,1032100.0,46.38680267333984,47.49944496154785,43.273406619936964,-1.0417442321777415,24697288524.0,0.884917612962586,0.0,0.0,46.32228469848633,yes,up
2020-03-03,RCI,0,46.42538587649302,hold,0.0,0.0,0.0,50000.0,down,2020-03-03,46.42538587649302,47.16811530893503,45.8369895936758,1300200.0,45.97203063964844,47.40057544708252,40.88731663204262,-0.5112266540527344,24695988324.0,0.9167896202694888,0.0,0.0,45.76469802856445,yes,down
2020-03-04,RCI,0,0.0,hold,0.0,0.0,0.0,50000.0,up,2020-03-04,46.59900736479815,47.27421254010804,46.261401097550966,571700.0,47.26456832885742,47.35716915130615,50.117895432009384,0.6752090454101491,24696560024.0,0.9443176402830683,0.0,0.0,46.76824951171875,yes,up
2020-03-05,RCI,0,46.46396164338708,hold,0.0,0.0,0.0,50000.0,down,2020-03-05,46.46396164338708,47.48642095463288,45.59583914554487,1255700.0,46.0491943359375,47.25202960968018,43.27504299598009,0.16397857666015625,24695304324.0,1.0119079380548495,0.0,0.0,45.91734313964844,yes,down
2020-03-06,RCI,0,45.24859146176728,hold,0.0,0.0,0.0,50000.0,down,2020-03-06,45.24859146176728,45.99132086385752,44.284008396132,1091100.0,45.81769561767578,47.120846366882326,42.09605579444022,1.5529823303222585,24694213224.0,1.0657135096084673,0.0,0.0,45.91796112060547,yes,down
2020-03-09,RCI,0,43.96367690278964,hold,0.0,0.0,0.0,50000.0,down,2020-03-09,43.96367690278964,44.51784058570585,41.92201791056342,861900.0,42.06785202026367,46.813263702392575,28.534889864086992,-4.318950653076165,24693351324.0,1.267853809430174,0.0,0.0,43.80939865112305,yes,down
2020-03-10,RCI,0,0.0,hold,0.0,0.0,0.0,50000.0,up,2020-03-10,42.60256756976504,43.895618534393655,41.912294083197885,1136800.0,43.20534133911133,46.5741304397583,35.339645889019835,-2.7666893005371094,24694488124.0,1.3189588552705735,0.0,0.0,44.04646682739258,yes,up
2020-03-11,RCI,0,42.65117956686895,hold,0.0,0.0,0.0,50000.0,down,2020-03-11,42.65117956686895,43.078957629216674,41.87340632903035,1241400.0,42.20396041870117,46.28878650665283,32.41359199428449,-5.06060791015625,24693246724.0,1.3198857234713164,0.0,0.0,42.74049377441406,yes,down
2020-03-12,RCI,0,40.41508273374446,hold,0.0,0.0,0.0,50000.0,down,2020-03-12,40.41508273374446,40.41508273374446,35.62204997757939,1128400.0,36.613712310791016,45.71187286376953,21.641104409938585,-9.435482025146484,24692118324.0,1.6957446318749214,0.0,0.0,40.456817626953125,yes,down
2020-03-13,RCI,320,37.79981668764561,buy,18.143912010069894,12095.941340046595,-12114.085252056664,37885.91474794334,up,2020-03-13,37.79981668764561,41.46507703489063,36.76926482297727,1348000.0,41.455352783203125,45.39102764129639,40.18317843169035,-4.362342834472656,24693466324.0,1.9211460670338283,0.0,0.0,41.224876403808594,yes,up
2020-03-16,RCI,0,37.644262082308856,hold,0.0,0.0,0.0,37885.91474794334,down,2020-03-16,37.644262082308856,40.13313646215383,35.972046826813994,683100.0,38.87897872924805,44.94281063079834,35.384865024547594,-3.188873291015625,24692783224.0,2.1755860591306355,0.0,0.0,40.072628021240234,yes,down
2020-03-17,RCI,0,0.0,hold,0.0,0.0,0.0,37885.91474794334,up,2020-03-17,39.32619744201136,41.72757207335224,38.97619855907187,1017700.0,39.7442512512207,44.51326026916504,38.059991175312135,-3.461090087890625,24693800924.0,2.2236580080573183,0.0,0.0,40.0157356262207,yes,up
2020-03-18,RCI,0,37.91648619284744,hold,0.0,0.0,0.0,37885.91474794334,down,2020-03-18,37.91648619284744,39.62758752766407,35.787330995617545,1330200.0,36.86648941040039,43.92921142578125,33.145079706814755,-5.337471008300781,24692470724.0,2.3474624543105924,0.0,0.0,38.63827896118164,yes,down
2020-03-19,RCI,330,36.76926693195673,buy,18.20078713131858,12133.858087545721,-12152.058874677039,25733.8558732663,up,2020-03-19,36.76926693195673,38.36370309834522,36.46787816051868,901100.0,38.10120391845703,43.43776531219483,36.90957578235479,1.4874916076660156,24693371824.0,2.315202631704589,0.0,0.0,39.16624450683594,yes,up
2020-03-20,RCI,650,38.53869839891155,sell,37.57523093893876,25050.153959292507,25012.57872835357,50746.43460161987,down,2020-03-20,38.53869839891155,39.48175049444251,36.4095435586416,756400.0,36.73037338256836,42.900444984436035,34.58138905315178,-4.724979400634766,24692615424.0,2.3692743677114687,0.0,0.0,37.779014587402344,yes,down
2020-03-23,RCI,0,36.66231676096353,hold,0.0,0.0,0.0,50746.43460161987,down,2020-03-23,36.66231676096353,37.31370433855943,31.305400592285963,1404000.0,31.509565353393555,42.10449590682983,27.473620360206848,-7.369413375854492,24691211424.0,2.6292050376087546,0.0,0.0,35.97575378417969,yes,down
2020-03-24,RCI,370,32.87067764561594,buy,18.243226093316846,12162.150728877898,-12180.393954971214,38566.04064664865,up,2020-03-24,32.87067764561594,35.50538639176777,32.47206858700521,729600.0,35.447052001953125,41.55268564224243,37.84902107762447,-4.297199249267578,24691941024.0,2.726820466234859,0.0,0.0,35.85708236694336,yes,up
2020-03-25,RCI,0,0.0,hold,0.0,0.0,0.0,38566.04064664865,up,2020-03-25,35.96232540720471,39.49147210985734,35.194272725208684,898000.0,37.51787185668945,41.099111270904544,42.50733973911708,0.6513824462890625,24692839024.0,2.8389903889787016,0.0,0.0,36.3765983581543,yes,up
2020-03-26,RCI,370,38.05259042055399,sell,21.119187683407464,14079.458455604976,14058.339267921569,52624.37991457022,down,2020-03-26,38.05259042055399,40.045635452408135,37.33315158403847,741100.0,38.840087890625,40.746854877471925,45.32516145770928,0.7388839721679688,24693580124.0,2.8299542089351992,0.0,0.0,37.021728515625,no,up
2020-03-27,RCI,0,37.8289800222632,hold,0.0,0.0,0.0,52624.37991457022,down,2020-03-27,37.8289800222632,38.77203211538701,36.88592792913938,642700.0,37.42065048217773,40.404651737213136,42.89462312548174,0.6902770996093679,24692937424.0,2.7673974769745153,0.0,0.0,37.23800277709961,yes,down
2020-03-30,RCI,0,0.0,hold,0.0,0.0,0.0,52624.37991457022,up,2020-03-30,37.634537301673845,39.45258663737386,37.070653098683614,567800.0,39.28730773925781,40.049676990509035,46.92534916044174,7.777742385864258,24693505224.0,2.739864338525639,0.0,0.0,38.811065673828125,yes,up
2020-03-31,RCI,0,39.14147355839494,hold,0.0,0.0,0.0,52624.37991457022,down,2020-03-31,39.14147355839494,41.14424287395652,38.83036426590007,666700.0,40.37619018554688,39.769884967803954,49.17882088157939,4.929138183593757,24694171924.0,2.709436786349268,5.0,0.0,39.026607513427734,no,up
2020-04-01,RCI,0,39.21925042684204,hold,0.0,0.0,0.0,52624.37991457022,down,2020-04-01,39.21925042684204,40.162302500347245,38.84008623073193,628500.0,39.72480392456055,39.39289674758911,47.86944117656118,2.2069320678710938,24693543424.0,2.6256272983825317,0.0,0.0,39.1855583190918,yes,down
2020-04-02,RCI,0,39.68591687556676,hold,0.0,0.0,0.0,52624.37991457022,down,2020-04-02,39.68591687556676,41.03729856706811,39.520641685654944,679900.0,40.20119094848633,39.10049657821655,48.94015400614693,1.3611030578613281,24694223324.0,2.546415125741863,0.0,0.0,39.09136199951172,no,up
2020-04-03,RCI,0,40.22063532500267,hold,0.0,0.0,0.0,52624.37991457022,down,2020-04-03,40.22063532500267,41.05674293489605,39.65675112612836,348900.0,40.0942497253418,38.81432428359985,48.69834928647625,2.6735992431640696,24693874424.0,2.464527745957993,0.0,0.0,39.28280258178711,yes,down
2020-04-06,RCI,0,0.0,hold,0.0,0.0,0.0,52624.37991457022,up,2020-04-06,40.93035693575632,42.71923735705995,40.910915848633046,635600.0,42.50535202026367,38.83619928359985,54.193523901619024,3.2180442810058594,24694510024.0,2.4759891663694336,0.0,0.0,40.14495086669922,yes,up
2020-04-07,RCI,0,43.28312188404297,hold,0.0,0.0,0.0,52624.37991457022,down,2020-04-07,43.28312188404297,44.09006044954443,43.04006751837025,838000.0,43.70117568969727,38.86099100112915,56.672379285968645,3.3249855041503906,24695348024.0,2.4123262565773858,0.0,0.0,40.94508743286133,no,up
2020-04-08,RCI,0,43.35117997258404,hold,0.0,0.0,0.0,52624.37991457022,down,2020-04-08,43.35117997258404,43.91506421355311,41.82479874149368,739700.0,42.16507339477539,38.859046649932864,52.72525608652293,2.4402694702148438,24694608324.0,2.389321914826103,0.0,0.0,41.135833740234375,yes,down
2020-04-09,RCI,0,42.6220140813973,hold,0.0,0.0,0.0,52624.37991457022,down,2020-04-09,42.6220140813973,42.90395803810815,41.66924140476459,761100.0,41.80535125732422,39.11862859725952,51.815138286873065,1.6041603088378906,24693847224.0,2.3068501090059215,0.0,0.0,41.33482360839844,yes,down
2020-04-13,RCI,0,41.60118645386767,hold,0.0,0.0,0.0,52624.37991457022,down,2020-04-13,41.60118645386767,42.55395912993659,41.46507660138858,398100.0,42.32062530517578,39.16189222335815,53.0649146590224,2.2263755798339844,24694245324.0,2.219852424687499,0.0,0.0,41.575767517089844,no,up
2020-04-14,RCI,0,42.94284586408782,hold,0.0,0.0,0.0,52624.37991457022,down,2020-04-14,42.94284586408782,42.972014911468925,41.93174246695335,526500.0,42.349796295166016,39.335433101654054,53.139016785601235,-0.15555572509765625,24694771824.0,2.1355967118180756,0.0,0.0,41.361724853515625,no,up
2020-04-15,RCI,0,41.4359118799307,hold,0.0,0.0,0.0,52624.37991457022,down,2020-04-15,41.4359118799307,41.93174491852828,40.86230336410579,521100.0,40.94008255004883,39.39522466659546,49.104265846297004,-2.7610931396484446,24694250724.0,2.0893035846210863,0.0,0.0,40.51292419433594,yes,down
2020-04-16,RCI,0,41.2220228695921,hold,0.0,0.0,0.0,52624.37991457022,down,2020-04-16,41.2220228695921,41.53313216826171,40.1623056620252,428000.0,40.82341384887695,39.593070888519286,48.77419932366393,-1.3416595458984375,24693822724.0,2.0379837933079026,0.0,0.0,40.318965911865234,yes,down
2020-04-17,RCI,0,41.766464233398445,hold,0.0,0.0,0.0,52624.37991457022,down,2020-04-17,41.766464233398445,41.902574094317,40.78452615911771,882700.0,41.76646423339844,39.77633390426636,51.605854080592714,-0.03888702392578125,24694705424.0,1.9722740891572876,0.0,0.0,40.5181999206543,no,up
2020-04-20,RCI,0,41.36785323448217,hold,0.0,0.0,0.0,52624.37991457022,down,2020-04-20,41.36785323448217,42.07757155330576,40.7553551806477,466700.0,41.33868789672852,40.006749629974365,50.24896237226546,-0.9819374084472585,24694238724.0,1.9258413951216287,0.0,0.0,40.28603744506836,yes,down
2020-04-21,RCI,0,40.59980130164875,hold,0.0,0.0,0.0,52624.37991457022,down,2020-04-21,40.59980130164875,40.60952555356137,39.54980832672863,1850000.0,39.66647338867188,40.41459503173828,45.24123597036453,-2.6833229064941335,24692388724.0,1.9160584076129332,0.0,0.0,39.51811599731445,yes,down
2020-04-22,RCI,0,39.3359216176944,hold,0.0,0.0,0.0,52624.37991457022,down,2020-04-22,39.3359216176944,40.13313972080893,38.46092803825234,1203400.0,39.80258560180664,40.632371711730954,45.71545555349771,-1.1374969482421875,24693592124.0,1.8986407843946227,0.0,0.0,39.387001037597656,no,up
2020-04-23,RCI,0,39.870637651073366,hold,0.0,0.0,0.0,52624.37991457022,down,2020-04-23,39.870637651073366,40.23036079281093,39.36508781971458,689300.0,39.55952835083008,40.73445453643799,44.9665762325825,-1.263885498046875,24692902824.0,1.8248287978733173,0.0,0.0,39.19875717163086,yes,down
2020-04-24,RCI,0,39.83175094725336,hold,0.0,0.0,0.0,52624.37991457022,down,2020-04-24,39.83175094725336,40.39563515152758,39.48175206453094,489400.0,40.259525299072266,40.80542640686035,47.62745281611303,-1.5069389343261719,24693392224.0,1.759761247096412,0.0,0.0,39.43235397338867,no,up
2020-04-27,RCI,0,40.77480123171927,hold,0.0,0.0,0.0,52624.37991457022,down,2020-04-27,40.77480123171927,40.77480123171927,39.71508399233885,431500.0,40.288692474365234,40.948828506469724,47.74083467601953,-1.0499954223632884,24693823724.0,1.7097581036881273,0.0,0.0,39.54214859008789,no,up
2020-04-28,RCI,0,40.55118882234247,hold,0.0,0.0,0.0,52624.37991457022,down,2020-04-28,40.55118882234247,41.42618600808679,40.30813446060407,608500.0,41.07618713378906,41.03827247619629,50.83560556663237,1.4097137451171804,24694432224.0,1.668882062976229,0.0,0.0,40.26310729980469,no,up
2020-04-29,RCI,0,41.88313266733135,hold,0.0,0.0,0.0,52624.37991457022,down,2020-04-29,41.88313266733135,41.90257375411998,41.37757911037006,340000.0,41.54285430908203,41.096605682373045,52.62600671961024,1.7402687072753906,24694772224.0,1.6087038170729924,0.0,0.0,40.76506805419922,no,up
2020-04-30,RCI,0,41.29008117593784,hold,0.0,0.0,0.0,52624.37991457022,down,2020-04-30,41.29008117593784,41.29008117593784,40.45397347657045,475600.0,40.65813827514648,41.143272399902344,48.984043043854875,1.0986099243163991,24694296624.0,1.5715736038900345,0.0,0.0,40.69159698486328,yes,down
2020-05-01,RCI,0,40.22063466018142,hold,0.0,0.0,0.0,52624.37991457022,down,2020-05-01,40.22063466018142,40.45396847881015,39.802580862144886,368100.0,40.04563522338867,41.13549461364746,46.580623793683614,-0.21389007568359375,24693928524.0,1.5204295902551457,0.0,0.0,40.35365295410156,yes,down
2020-05-04,RCI,0,39.94841514449345,hold,0.0,0.0,0.0,52624.37991457022,down,2020-05-04,39.94841514449345,40.20119004950464,39.09286275057478,808400.0,39.4136962890625,41.10146694183349,44.172502009543315,-0.8749961853027344,24693120124.0,1.4909937123033394,0.0,0.0,39.817569732666016,yes,down
2020-05-05,RCI,0,0.0,hold,0.0,0.0,0.0,52624.37991457022,up,2020-05-05,39.78313789446553,40.18175062557049,39.5400835220642,696500.0,39.617862701416016,40.957092475891116,45.158946836890806,-1.4583244323730469,24693816624.0,1.4393551854608142,0.0,0.0,39.57059097290039,yes,up
2020-05-06,RCI,0,39.685919272830816,hold,0.0,0.0,0.0,52624.37991457022,down,2020-05-06,39.685919272830816,39.81230859015502,39.2970307773943,642300.0,39.36508941650391,40.740288162231444,44.11953625837812,-2.177764892578118,24693174324.0,1.373349658839379,0.0,0.0,39.1607780456543,yes,down
2020-05-07,RCI,0,39.66647507069175,hold,0.0,0.0,0.0,52624.37991457022,down,2020-05-07,39.66647507069175,39.82202972945072,39.23870068628351,753400.0,39.35536575317383,40.599802780151364,44.07750776879721,-1.3027725219726491,24692420924.0,1.3169196148627955,0.0,0.0,39.064456939697266,yes,down
2020-05-08,RCI,0,39.8803616604328,hold,0.0,0.0,0.0,52624.37991457022,down,2020-05-08,39.8803616604328,39.97758192539957,39.54980756734427,324700.0,39.79286193847656,40.49917831420898,46.544861102836755,-0.2527732849121094,24692745624.0,1.2672979403887203,0.0,0.0,39.344356536865234,no,up
2020-05-11,RCI,0,39.42341961824889,hold,0.0,0.0,0.0,52624.37991457022,down,2020-05-11,39.42341961824889,40.32758220680292,39.14147564790076,321300.0,40.23036193847656,40.39466514587402,48.9695855663784,0.8166656494140625,24693066924.0,1.2614985559968233,0.0,0.0,39.75804138183594,no,up
2020-05-12,RCI,0,40.47341291666961,hold,0.0,0.0,0.0,52624.37991457022,down,2020-05-12,40.47341291666961,40.541467840521904,39.3067512512207,282700.0,39.3067512512207,40.24251289367676,44.39164885980176,-0.3111114501953125,24692784224.0,1.2595855583757074,0.0,0.0,39.39067077636719,yes,down
2020-05-13,RCI,0,39.2289730547828,hold,0.0,0.0,0.0,52624.37991457022,down,2020-05-13,39.2289730547828,39.72480603660802,38.27620038836634,550500.0,38.49008941650391,40.12001323699951,40.762980480944044,-0.875,24692233724.0,1.273086993366134,0.0,0.0,39.01190185546875,yes,down
2020-05-14,RCI,0,0.0,hold,0.0,0.0,0.0,52624.37991457022,up,2020-05-14,38.18870321564182,38.68453623053779,37.25537528123422,515100.0,38.451202392578125,40.00140266418457,40.59282637810081,-0.9041633605957031,24691718624.0,1.2842351330759505,0.0,0.0,38.70258712768555,no,down
2020-05-15,RCI,0,38.41231211720652,hold,0.0,0.0,0.0,52624.37991457022,down,2020-05-15,38.41231211720652,38.54842568367573,37.624818309141205,438200.0,38.00398254394531,39.81327857971191,38.597400512910475,-1.78887939453125,24691280424.0,1.2584760074658488,0.0,0.0,38.154415130615234,yes,down
2020-05-18,RCI,0,0.0,hold,0.0,0.0,0.0,52624.37991457022,up,2020-05-18,38.703979871692574,39.37480860915545,38.53870096875176,165600.0,38.86925506591797,39.68980693817139,44.30220582015658,-1.3611068725585938,24691446024.0,1.266501011590441,0.0,0.0,38.487937927246094,yes,up
2020-05-19,RCI,0,38.84981048079262,hold,0.0,0.0,0.0,52624.37991457022,down,2020-05-19,38.84981048079262,39.4039741601065,38.63592515232887,548500.0,38.69425582885742,39.64119606018066,43.423493418284174,-0.6124954223632812,24690897524.0,1.2308972970323828,0.0,0.0,38.37116241455078,yes,down
2020-05-20,RCI,0,0.0,hold,0.0,0.0,0.0,52624.37991457022,up,2020-05-20,39.21925551871067,39.413699767495736,38.733146751105785,422400.0,39.19009017944336,39.6105712890625,46.65216130160818,0.700000762939446,24691319924.0,1.1943649142899493,0.0,0.0,38.8333740234375,yes,up
2020-05-21,RCI,0,39.27758618662653,hold,0.0,0.0,0.0,52624.37991457022,down,2020-05-21,39.27758618662653,39.27758618662653,38.43175434081364,435700.0,38.49980926513672,39.55758533477783,42.975277743965876,0.04860687255859375,24690884224.0,1.1694696951130166,0.0,0.0,38.50794982910156,yes,down
2020-05-22,RCI,0,38.41231005516647,hold,0.0,0.0,0.0,52624.37991457022,down,2020-05-22,38.41231005516647,38.5289788201628,37.82898106504587,319800.0,38.14981460571289,39.45209980010986,41.202117914760656,0.14583206176757812,24690564424.0,1.1359359851132957,0.0,0.0,38.37425994873047,yes,down
2020-05-26,RCI,0,0.0,hold,0.0,0.0,0.0,52624.37991457022,up,2020-05-26,38.96647662543939,40.15257937574889,38.96647662543939,1538800.0,39.822025299072266,39.42876644134522,51.498773282144306,0.9527702331542969,24692103224.0,1.197852326893489,0.0,0.0,39.238197326660156,yes,up
2020-05-27,RCI,0,0.0,hold,0.0,0.0,0.0,52624.37991457022,up,2020-05-27,40.20119232969531,40.73591492417069,40.1039720627264,903600.0,40.63869094848633,39.406891632080075,55.58913488580654,1.9444351196289062,24693006824.0,1.1775692767652703,0.0,0.0,39.82868576049805,yes,up
2020-05-28,RCI,0,40.9011908189926,hold,0.0,0.0,0.0,52624.37991457022,down,2020-05-28,40.9011908189926,40.94008040993119,40.26924794674485,2164400.0,40.62897109985352,39.36119747161865,55.52911024208355,1.4388809204101634,24690842424.0,1.1413737900810612,0.0,0.0,39.95640563964844,yes,down
2020-05-29,RCI,0,40.5997987657314,hold,0.0,0.0,0.0,52624.37991457022,down,2020-05-29,40.5997987657314,40.80396724727376,40.113690044496174,450600.0,40.73591232299805,39.36508617401123,56.09088815082325,2.236103057861328,24691293024.0,1.1091526052736702,0.0,0.0,40.225276947021484,no,up
2020-06-01,RCI,0,40.75535566438602,hold,0.0,0.0,0.0,52624.37991457022,down,2020-06-01,40.75535566438602,40.98868949533095,40.35674663925484,483900.0,40.41508102416992,39.383558464050296,53.891385677853584,2.2652664184570312,24690809124.0,1.0750661946167022,0.0,0.0,40.33756637573242,yes,down
2020-06-02,RCI,0,0.0,hold,0.0,0.0,0.0,52624.37991457022,up,2020-06-02,40.70674415342932,41.1928528851211,40.61924443337619,404200.0,41.06646728515625,39.46619701385498,57.53250823542694,1.2444419860839844,24691213324.0,1.0538308850691647,0.0,0.0,40.6786003112793,yes,up
2020-06-03,RCI,0,41.41646240363234,hold,0.0,0.0,0.0,52624.37991457022,down,2020-06-03,41.41646240363234,41.82479566626264,41.3095215981179,349200.0,41.64007568359375,39.56730766296387,60.491256619015466,1.0013847351074219,24691562524.0,1.0327235633575378,0.0,0.0,41.007686614990234,no,up
2020-06-04,RCI,0,41.3872987526503,hold,0.0,0.0,0.0,52624.37991457022,down,2020-06-04,41.3872987526503,41.74701818985617,40.978969182100194,481500.0,41.72757339477539,39.68543186187744,60.93831910103955,1.098602294921868,24692044024.0,1.0138182379574263,0.0,0.0,41.19365310668945,no,up
2020-06-05,RCI,0,0.0,hold,0.0,0.0,0.0,52624.37991457022,up,2020-06-05,42.728959655906806,43.27339907964251,42.40812610230648,638800.0,42.47618103027344,39.84147262573242,64.62636980124122,1.7402687072753906,24692682824.0,1.0518187698795471,0.0,0.0,41.8216667175293,yes,up
2020-06-08,RCI,0,0.0,hold,0.0,0.0,0.0,52624.37991457022,up,2020-06-08,42.797011797890825,43.24423092647952,42.49562305886008,653200.0,43.20534133911133,40.01209659576416,67.81398985151435,2.7902603149414062,24693336024.0,1.0315495646171566,0.0,0.0,42.50718688964844,yes,up
2020-06-09,RCI,0,42.90531998959114,hold,0.0,0.0,0.0,52624.37991457022,down,2020-06-09,42.90531998959114,43.30731211307448,42.50332786610781,583800.0,43.11122131347656,40.15613956451416,66.97502550274265,2.0447540283203125,24692752224.0,1.0152948990706934,0.0,0.0,42.66088104248047,yes,down
2020-06-10,RCI,0,43.2288742520287,hold,0.0,0.0,0.0,52624.37991457022,down,2020-06-10,43.2288742520287,43.72891174883081,42.89551467409662,638800.0,43.13082885742188,40.34734344482422,67.06643447050618,1.490753173828132,24693391024.0,1.0023021973323718,0.0,0.0,42.87192916870117,no,up
2020-06-11,RCI,0,42.11114117786624,hold,0.0,0.0,0.0,52624.37991457022,down,2020-06-11,42.11114117786624,42.56215598680269,41.90524360076815,1886500.0,42.013092041015625,40.5234935760498,57.32560379756462,0.2855186462402344,24691504524.0,1.0182509872838974,0.0,0.0,41.86662673950195,yes,down
2020-06-12,RCI,0,0.0,hold,0.0,0.0,0.0,52624.37991457022,up,2020-06-12,42.89551466783288,43.28770372658704,42.08172367998524,694100.0,42.98375701904297,40.75012130737305,62.42898688130124,0.5075759887695312,24692198624.0,1.0365624657330057,0.0,0.0,42.36081314086914,yes,up
2020-06-15,RCI,0,42.20918745541724,hold,0.0,0.0,0.0,52624.37991457022,down,2020-06-15,42.20918745541724,42.660202273766224,41.5130554001144,582100.0,41.581687927246094,40.929006576538086,52.63707928614825,-1.6236534118652344,24691616524.0,1.0675724052469742,0.0,0.0,41.41730880737305,yes,down
2020-06-16,RCI,0,0.0,hold,0.0,0.0,0.0,52624.37991457022,up,2020-06-16,42.34645398197905,43.03278301735056,41.63071207401197,564300.0,41.89543914794922,41.08031578063965,54.36214994516142,-1.2157821655273438,24692180824.0,1.094966882736795,0.0,0.0,41.808349609375,yes,up
2020-06-17,RCI,0,42.01309143489672,hold,0.0,0.0,0.0,52624.37991457022,down,2020-06-17,42.01309143489672,42.23860257630365,41.11106183003733,535900.0,41.26793670654297,41.20899982452393,50.40775158071099,-1.8628921508789134,24691644924.0,1.0972935872746183,0.0,0.0,41.31102752685547,yes,down
2020-06-18,RCI,0,0.0,hold,0.0,0.0,0.0,52624.37991457022,up,2020-06-18,41.11106413130116,41.30715867295797,40.787507576538594,287600.0,41.19930648803711,41.30946063995361,49.97953776598782,-0.8137855529785156,24691357324.0,1.0560334093563866,0.0,0.0,41.34495162963867,no,down
2020-06-19,RCI,0,41.68954103075965,hold,0.0,0.0,0.0,52624.37991457022,down,2020-06-19,41.68954103075965,41.68954103075965,40.73848493351057,590900.0,40.8071174621582,41.424826049804686,47.49646539215025,-2.1766395568847656,24690766424.0,1.0485350299201504,0.0,0.0,40.7670783996582,yes,down
2020-06-22,RCI,0,40.65024340871334,hold,0.0,0.0,0.0,52624.37991457022,down,2020-06-22,40.65024340871334,40.973799970554126,40.50317530439765,711000.0,40.62083053588867,41.548376846313474,46.3193177955346,-0.9608573913574219,24690055424.0,1.0072557182227448,0.0,0.0,40.54629898071289,yes,down
2020-06-23,RCI,0,40.77770398993744,hold,0.0,0.0,0.0,52624.37991457022,down,2020-06-23,40.77770398993744,40.95418870106095,40.25805664062499,309900.0,40.258056640625,41.57017841339111,44.030748675531974,-1.6373825073242188,24689745524.0,0.9850325998094028,0.0,0.0,40.09800338745117,yes,down
2020-06-24,RCI,0,40.06196217942314,hold,0.0,0.0,0.0,52624.37991457022,down,2020-06-24,40.06196217942314,40.06196217942314,39.33641350559528,300500.0,39.81684494018555,41.529086112976074,41.35453551166409,-1.4510917663574219,24689445024.0,0.9805047808965682,0.0,0.0,39.77371597290039,yes,down
2020-06-25,RCI,0,39.60114132278882,hold,0.0,0.0,0.0,52624.37991457022,down,2020-06-25,39.60114132278882,39.91489109573958,39.25797867743404,432700.0,39.777626037597656,41.48651885986328,41.11531339039695,-1.4216804504394531,24689012324.0,0.9573910407114947,0.0,0.0,39.54812240600586,yes,down
2020-06-26,RCI,0,39.503096124027074,hold,0.0,0.0,0.0,52624.37991457022,down,2020-06-26,39.503096124027074,40.01294044273643,38.80696404548236,315200.0,38.8461799621582,41.39203224182129,35.816184618918626,-1.9609375,24688697124.0,0.9751471376073929,0.0,0.0,38.92377471923828,yes,down
2020-06-29,RCI,0,0.0,hold,0.0,0.0,0.0,52624.37991457022,up,2020-06-29,39.012856984885794,39.65996628533035,38.91480785439911,376500.0,39.57172393798828,41.349864387512206,42.078453671059506,-1.0491065979003906,24689073624.0,0.9636213651477323,0.0,0.0,39.395355224609375,yes,up
2020-06-30,RCI,0,39.46387785773656,hold,0.0,0.0,0.0,52624.37991457022,down,2020-06-30,39.46387785773656,39.75801781422778,39.297199920462106,267500.0,39.40504837036133,41.266793441772464,41.08670775360501,-0.8530082702636719,24688806124.0,0.9277068314775851,0.0,0.0,39.226993560791016,yes,down
2020-07-01,RCI,0,39.64035802488864,hold,0.0,0.0,0.0,52624.37991457022,down,2020-07-01,39.64035802488864,39.826645769883214,39.10110087658472,169900.0,39.19914627075195,41.144746971130374,39.83757928535615,-0.6176986694335938,24688636224.0,0.9132666930362218,0.0,0.0,39.18276596069336,yes,down
2020-07-02,RCI,0,0.0,hold,0.0,0.0,0.0,52624.37991457022,up,2020-07-02,39.70899430935182,40.2776681219139,39.552119419712696,696300.0,39.78743362426758,41.04773998260498,44.98403152035835,0.009807586669921875,24689332524.0,0.9250706329023448,0.0,0.0,39.62193298339844,yes,up
2020-07-06,RCI,0,40.25805438064536,hold,0.0,0.0,0.0,52624.37991457022,down,2020-07-06,40.25805438064536,40.25805438064536,39.571725402603946,357600.0,39.7384033203125,40.910851097106935,44.64128027463894,0.8922233581542969,24688974924.0,0.9080176575551356,0.0,0.0,39.721839904785156,yes,down
2020-07-07,RCI,0,39.35602032742114,hold,0.0,0.0,0.0,52624.37991457022,down,2020-07-07,39.35602032742114,39.963909987044026,39.35602032742114,375700.0,39.38543319702149,40.71985569000244,42.15133368214643,-0.18629074096678977,24688599224.0,0.8865799434171178,0.0,0.0,39.47639465332031,yes,down
2020-07-08,RCI,0,39.49328709039555,hold,0.0,0.0,0.0,52624.37991457022,down,2020-07-08,39.49328709039555,39.65016196874122,38.21867823631297,1239600.0,38.71871948242188,40.500230598449704,37.85620134857268,-0.686328887939446,24687359624.0,0.9255016426321989,0.0,0.0,38.87369155883789,yes,down
2020-07-09,RCI,0,38.67950141531676,hold,0.0,0.0,0.0,52624.37991457022,down,2020-07-09,38.67950141531676,38.836376300101065,37.58137722182657,851300.0,38.19906997680664,40.25364265441895,34.87345692952156,-1.0000762939453125,24686508324.0,0.9490371737495058,0.0,0.0,38.3320426940918,yes,down
2020-07-10,RCI,0,0.0,hold,0.0,0.0,0.0,52624.37991457022,up,2020-07-10,38.21867969876105,38.72852400794184,38.10102447054772,439300.0,38.68930435180664,40.087453269958495,39.70039165275565,-1.0981292724609375,24686947624.0,0.9260701997241212,0.0,0.0,38.53987121582031,yes,up
2020-07-13,RCI,0,39.03247148388285,hold,0.0,0.0,0.0,52624.37991457022,down,2020-07-13,39.03247148388285,39.19914941537677,38.71872170914767,1380900.0,38.94422912597656,39.88547687530517,42.103422028552714,-0.7941741943359375,24688328524.0,0.8963398328559792,0.0,0.0,38.641563415527344,no,up
2020-07-14,RCI,0,0.0,hold,0.0,0.0,0.0,52624.37991457022,up,2020-07-14,38.84617757457382,39.8168434513439,38.84617757457382,484700.0,39.55211639404297,39.78399829864502,47.47841926444734,0.16668319702147727,24688813224.0,0.9016488359927005,0.0,0.0,39.1923942565918,yes,up
2020-07-15,RCI,0,0.0,hold,0.0,0.0,0.0,52624.37991457022,up,2020-07-15,39.94430603193069,40.57180555149694,39.816844023208745,419500.0,40.49336624145508,39.71389465332031,54.51918849502548,1.774646759033196,24689232724.0,0.9100802875256482,0.0,0.0,40.09553909301758,yes,up
2020-07-16,RCI,0,0.0,hold,0.0,0.0,0.0,52624.37991457022,up,2020-07-16,40.395318524554845,41.18949592206934,40.1698111314216,398800.0,40.95418548583984,39.69820709228516,57.52153948710214,2.755115509033196,24689631524.0,0.9179091806057974,0.0,0.0,40.63990783691406,yes,up
2020-07-17,RCI,0,0.0,hold,0.0,0.0,0.0,52624.37991457022,up,2020-07-17,41.11106405432501,41.39540095218537,40.91496951303537,407300.0,41.34637451171875,39.705560493469235,59.945018724895036,2.6570701599121094,24690038824.0,0.8866607705018116,0.0,0.0,41.06168746948242,yes,up
2020-07-20,RCI,0,41.26793766933246,hold,0.0,0.0,0.0,52624.37991457022,down,2020-07-20,41.26793766933246,41.36598306686387,40.1600067243051,365400.0,40.19922637939453,39.67516593933105,50.81322589433505,1.2549972534179688,24689673424.0,0.9094690256487372,0.0,0.0,40.35270690917969,yes,down
2020-07-21,RCI,0,0.0,hold,0.0,0.0,0.0,52624.37991457022,up,2020-07-21,40.45414733828033,40.94438181457656,40.3070792395068,317600.0,40.601219177246094,39.67418537139893,53.4872098409384,1.049102783203125,24689991024.0,0.8977323406154009,0.0,0.0,40.70022964477539,yes,up
2020-07-22,RCI,0,40.02274014656432,hold,0.0,0.0,0.0,52624.37991457022,down,2020-07-22,40.02274014656432,40.49336476912722,38.38535888099289,896500.0,40.17961502075195,39.67026329040527,50.392985228302464,-0.313751220703125,24689094524.0,0.9918843374466725,0.0,-0.2038,40.10858154296875,yes,down
2020-07-23,RCI,0,40.199226331102,hold,0.0,0.0,0.0,52624.37991457022,down,2020-07-23,40.199226331102,40.787506195968085,40.14039684853852,390600.0,40.297271728515625,39.69428462982178,51.2407116947743,-0.6569137573242116,24689485124.0,0.9672575524454503,0.0,-0.11315,39.98686981201172,no,up
2020-07-24,RCI,0,40.22864008249629,hold,0.0,0.0,0.0,52624.37991457022,down,2020-07-24,40.22864008249629,40.33649226612639,39.68938290453798,323200.0,39.71879577636719,39.69134311676025,46.989014855809906,-1.6275787353515625,24689161924.0,0.9443898245270904,0.0,0.0,39.486812591552734,yes,down
2020-07-27,RCI,0,0.0,hold,0.0,0.0,0.0,52624.37991457022,up,2020-07-27,39.561920865778966,40.15020448330481,39.424655810413945,510300.0,40.06196212768555,39.75213222503662,49.65762369186221,-0.13726425170898438,24689672224.0,0.9287583136959315,0.0,0.0,39.943641662597656,yes,up
2020-07-28,RCI,0,40.06195986721972,hold,0.0,0.0,0.0,52624.37991457022,down,2020-07-28,40.06195986721972,40.63062988452979,39.99332734340975,1112900.0,40.03254699707031,39.775173377990725,49.427933597317455,-0.5686721801757812,24688559324.0,0.9079400442262247,0.0,0.0,39.850181579589844,yes,down
2020-07-29,RCI,0,0.0,hold,0.0,0.0,0.0,52624.37991457022,up,2020-07-29,40.01293785659398,40.43453979019684,39.76782062729893,3037900.0,40.28746795654297,39.8192943572998,51.52075250385747,0.10785293579101562,24691597224.0,0.8907099812742019,0.0,0.0,40.08377456665039,yes,up
2020-07-30,RCI,0,39.767822113529206,hold,0.0,0.0,0.0,52624.37991457022,down,2020-07-30,39.767822113529206,40.37571181764562,39.50309504717393,351100.0,40.356101989746094,39.877142143249515,52.09555078557837,0.05883026123046875,24691948324.0,0.8894176090740228,0.0,0.0,40.1834831237793,no,up
2020-07-31,RCI,0,40.42473689983715,hold,0.0,0.0,0.0,52624.37991457022,down,2020-07-31,40.42473689983715,40.44434672889244,39.75801767272728,308300.0,40.04235458374024,39.88988819122314,49.22246710472271,0.323558807373054,24691640024.0,0.8749112838662472,0.0,0.0,40.26844787597656,yes,down
2020-08-03,RCI,0,0.0,hold,0.0,0.0,0.0,52624.37991457022,up,2020-08-03,40.18942184904108,40.454145160621735,40.0031303643536,178900.0,40.08156967163086,39.907046508789065,49.59663361806857,0.0196075439453125,24691818924.0,0.8446329633235248,0.0,0.0,40.249359130859375,yes,up
2020-08-04,RCI,0,0.0,hold,0.0,0.0,0.0,52624.37991457022,up,2020-08-04,40.10118005144634,41.52285698362729,40.10118005144634,572800.0,41.41500854492188,40.00852527618408,60.30714604657456,1.3824615478515696,24692391724.0,0.8872511310858754,0.0,0.0,41.1419677734375,yes,up
2020-08-05,RCI,0,41.6699265347276,hold,0.0,0.0,0.0,52624.37991457022,down,2020-08-05,41.6699265347276,41.75816888170293,40.89535523796543,264300.0,41.04242706298828,40.124710655212404,56.68275935355259,0.7549591064453125,24692127424.0,0.8855055962752768,0.0,0.4019,40.798831939697266,yes,down
2020-08-06,RCI,0,0.0,hold,0.0,0.0,0.0,52624.37991457022,up,2020-08-06,40.8855552456756,41.189498221119706,40.51297600395891,246500.0,41.08164978027344,40.26883964538574,56.975901742341385,0.7255477905273438,24692373924.0,0.8705782120528137,0.0,0.5194,41.31770706176758,yes,up
2020-08-07,RCI,0,40.91496825582816,hold,0.0,0.0,0.0,52624.37991457022,down,2020-08-07,40.91496825582816,41.06204009232434,40.29727177881327,627800.0,40.34629821777344,40.35168933868408,50.12685234391794,0.303943634033196,24691746124.0,0.864421054153339,0.0,0.4019,40.910667419433594,yes,down
2020-08-10,RCI,0,0.0,hold,0.0,0.0,0.0,52624.37991457022,up,2020-08-10,40.3364929119161,40.55219728262976,40.24825055482345,458400.0,40.46395492553711,40.42767562866211,51.13891763309818,0.38238525390625,24692204524.0,0.82438717369998,0.0,0.0,40.95157241821289,yes,up
2020-08-11,RCI,0,0.0,hold,0.0,0.0,0.0,52624.37991457022,up,2020-08-11,40.83653479716157,41.31696250619602,40.83653479716157,298100.0,40.963993072509766,40.49826946258545,55.29136634808024,-0.4510154724121165,24692502624.0,0.8264314884827609,0.0,0.148,40.6376953125,yes,up
2020-08-12,RCI,0,41.23852465991328,hold,0.0,0.0,0.0,52624.37991457022,down,2020-08-12,41.23852465991328,41.54246763535739,40.89535828931902,276100.0,41.08164978027344,40.527683639526366,56.23385839366487,0.03922271728515625,24692778724.0,0.8136227640224474,0.0,0.5719,40.54768753051758,no,up
2020-08-13,RCI,0,41.05223314496383,hold,0.0,0.0,0.0,52624.37991457022,down,2020-08-13,41.05223314496383,41.46403204139782,40.86594539431045,387200.0,41.130672454833984,40.53650798797607,56.64396881855775,0.049022674560546875,24693165924.0,0.7982273270985133,0.0,0.38155,40.80306625366211,no,up
2020-08-14,RCI,0,41.03262256765759,hold,0.0,0.0,0.0,52624.37991457022,down,2020-08-14,41.03262256765759,41.40520180234791,40.875747690976205,297900.0,41.16989135742188,40.52768383026123,56.991187527655896,0.8235931396484446,24693463824.0,0.7790292402608843,0.0,0.0,40.95265197753906,no,up
2020-08-17,RCI,0,41.38559268596088,hold,0.0,0.0,0.0,52624.37991457022,down,2020-08-17,41.38559268596088,41.61110009130105,41.10125579828288,232000.0,41.375789642333984,40.5865119934082,58.85422184020131,0.911834716796875,24693695824.0,0.7598017440292617,0.0,0.0,40.859737396240234,no,up
2020-08-18,RCI,0,41.50325233182078,hold,0.0,0.0,0.0,52624.37991457022,down,2020-08-18,41.50325233182078,41.99348680543912,41.3561804936584,225700.0,41.77778244018555,40.64534015655518,62.28887666701357,0.8137893676757812,24693921524.0,0.7510520702972229,0.0,0.0,40.94739532470703,no,up
2020-08-19,RCI,0,41.77778246471685,hold,0.0,0.0,0.0,52624.37991457022,down,2020-08-19,41.77778246471685,41.98368004611133,41.33657069016283,177200.0,41.43461608886719,40.708090209960936,57.84943790481889,0.35296630859375,24693744324.0,0.7436275907008856,0.0,0.0,40.533443450927734,yes,down
2020-08-20,RCI,0,41.37579114979981,hold,0.0,0.0,0.0,52624.37991457022,down,2020-08-20,41.37579114979981,41.591491779179655,41.14047695206727,228600.0,41.2973518371582,40.758094215393065,56.12629468253756,0.16667938232421875,24693515724.0,0.7227266790159929,0.0,0.5362,40.59994888305664,yes,down
2020-08-21,RCI,0,0.0,hold,0.0,0.0,0.0,52624.37991457022,up,2020-08-21,41.150280677602304,41.787583214580295,40.944379367318575,306800.0,41.601295471191406,40.85221920013428,59.03597416875106,0.43140411376952414,24693822524.0,0.7313321910335447,0.0,0.0,41.41270065307617,yes,up
2020-08-24,RCI,0,41.6012970263312,hold,0.0,0.0,0.0,52624.37991457022,down,2020-08-24,41.6012970263312,41.80719460411978,41.36598283729271,142400.0,41.57188415527344,40.92771530151367,58.63077127954352,0.19609451293945312,24693680124.0,0.7106093035902249,0.0,0.0,41.34780502319336,yes,down
2020-08-25,RCI,0,41.60130006855866,hold,0.0,0.0,0.0,52624.37991457022,down,2020-08-25,41.60130006855866,41.72876208611691,41.30716011589474,241600.0,41.51305770874024,41.00174083709717,57.776589033429524,-0.2647247314453054,24693438524.0,0.6899659226353638,0.0,0.0,41.16990661621094,yes,down
2020-08-26,RCI,0,41.3463714642466,hold,0.0,0.0,0.0,52624.37991457022,down,2020-08-26,41.3463714642466,41.679731037810726,41.18949659081596,450900.0,41.601295471191406,41.06743221282959,58.747417778091396,0.16667938232421875,24693889424.0,0.6756993886610351,0.0,0.0,41.12283706665039,no,up
2020-08-27,RCI,0,41.68953623829389,hold,0.0,0.0,0.0,52624.37991457022,down,2020-08-27,41.68953623829389,42.27781605627364,41.56207423966126,326000.0,41.875823974609375,41.143418312072754,61.69813046609389,0.5784721374511719,24694215424.0,0.6785595620861316,0.0,0.0,41.38264465332031,no,up
2020-08-28,RCI,0,41.91504595774204,hold,0.0,0.0,0.0,52624.37991457022,down,2020-08-28,41.91504595774204,41.95426561183982,41.34637219390036,200700.0,41.75817108154297,41.22920913696289,59.726424485156436,0.1568756103515625,24694014724.0,0.6735119803613696,0.0,0.0,41.30196762084961,yes,down
2020-08-31,RCI,0,41.70915085897216,hold,0.0,0.0,0.0,52624.37991457022,down,2020-08-31,41.70915085897216,41.915048444915065,40.76790154592548,346100.0,40.8071174621582,41.265486526489255,46.72697662944776,-0.7647666931152344,24693668624.0,0.7073430459776705,0.0,0.0,40.416988372802734,yes,down
2020-09-01,RCI,0,40.93457793949487,hold,0.0,0.0,0.0,52624.37991457022,down,2020-09-01,40.93457793949487,40.93457793949487,40.16981336886399,242600.0,40.787506103515625,41.23411140441895,46.502216431726,-0.7255516052246165,24693426024.0,0.7114445834528997,0.0,0.0880285714285714,40.587745666503906,yes,down
2020-09-02,RCI,0,0.0,hold,0.0,0.0,0.0,52624.37991457022,up,2020-09-02,41.571884667147806,44.00344719625531,41.503252140373206,784100.0,42.75825119018555,41.31990261077881,64.81672973388412,1.1569557189941406,24694210124.0,0.8903371912590986,0.0,0.37,42.4010009765625,yes,up
2020-09-03,RCI,0,42.6111816982894,hold,0.0,0.0,0.0,52624.37991457022,down,2020-09-03,42.6111816982894,42.78766641690812,41.7973943759408,473900.0,42.34645462036133,41.3831428527832,60.18062496587346,0.4706306457519531,24693736224.0,0.8974753948096857,0.0,0.0754333333333333,42.40060043334961,yes,down
2020-09-04,RCI,0,42.3758690710341,hold,0.0,0.0,0.0,52624.37991457022,down,2020-09-04,42.3758690710341,42.6798120507723,41.65032040482922,451700.0,41.67973327636719,41.44981460571289,53.507529428258636,-0.07843780517578125,24693284524.0,0.9069051270334992,0.0,0.5267,42.00813293457031,yes,down
2020-09-08,RCI,0,41.40469075929785,hold,0.0,0.0,0.0,52624.37991457022,down,2020-09-08,41.40469075929785,41.81032797584292,41.137567033615376,4800200.0,41.47394561767578,41.50031414031982,51.60546173877311,0.6668281555175781,24688484324.0,0.8901805424045023,0.0,-0.5423,41.391056060791016,yes,down
2020-09-09,RCI,0,41.63224627099952,hold,0.0,0.0,0.0,52624.37991457022,down,2020-09-09,41.63224627099952,42.06756305780943,41.60256292196004,399800.0,41.671817779541016,41.535705375671384,53.32360140765579,0.8843116760253906,24688884124.0,0.8689974636708699,0.0,0.0,40.4942741394043,no,up
2020-09-10,RCI,0,41.64213896992171,hold,0.0,0.0,0.0,52624.37991457022,down,2020-09-10,41.64213896992171,41.691606187087714,40.425227311925525,487800.0,40.44501495361328,41.503873634338376,43.105512448928955,-2.3132362365722656,24688396324.0,0.8973818502059642,0.0,0.0,39.62556076049805,yes,down
2020-09-11,RCI,0,40.56373806280942,hold,0.0,0.0,0.0,52624.37991457022,down,2020-09-11,40.56373806280942,40.68246014185309,39.95033625129246,574000.0,40.326290130615234,41.46365451812744,42.26150436801308,-2.0201644897460938,24687822324.0,0.8855777102312974,0.0,0.0,39.58156204223633,yes,down
2020-09-14,RCI,0,40.69235355346647,hold,0.0,0.0,0.0,52624.37991457022,down,2020-09-14,40.69235355346647,40.73192506150985,39.98001357119276,674500.0,40.00969314575195,41.40564460754395,40.01167073083291,-1.6700401306152344,24687147824.0,0.8760301230945684,0.0,0.0,39.49177169799805,yes,down
2020-09-15,RCI,0,0.0,hold,0.0,0.0,0.0,52624.37991457022,up,2020-09-15,40.207568211509866,40.880332952278216,40.1778886351576,615400.0,40.41533279418945,41.35762176513672,44.11660794687448,-1.0586128234863281,24687763224.0,0.8756451004825466,0.0,0.0,40.05959701538086,yes,up
2020-09-16,RCI,0,40.61320581413223,hold,0.0,0.0,0.0,52624.37991457022,down,2020-09-16,40.61320581413223,40.81107846453926,40.049271213641696,989700.0,40.12842178344727,41.275153732299806,41.93102768315652,-1.543395996093743,24686773524.0,0.8675138255121906,0.0,0.0,39.844215393066406,yes,down
2020-09-17,RCI,0,39.74256680948846,hold,0.0,0.0,0.0,52624.37991457022,down,2020-09-17,39.74256680948846,40.04926959392064,39.42597209128408,648800.0,39.70299530029297,41.18857269287109,38.857077857581544,-0.7420196533203125,24686124724.0,0.8557235302729763,0.0,0.0,39.62873840332031,yes,down
2020-09-18,RCI,0,39.5842700299586,hold,0.0,0.0,0.0,52624.37991457022,down,2020-09-18,39.5842700299586,39.73267545746148,38.80267893088295,1209300.0,38.85214614868164,41.06631240844727,33.5583185544281,-1.4741439819335938,24684915424.0,0.8610287442948019,0.0,0.7184,38.95505142211914,yes,down
2020-09-21,RCI,0,38.21895582972393,hold,0.0,0.0,0.0,52624.37991457022,down,2020-09-21,38.21895582972393,38.49597526235233,37.69459276554011,787400.0,38.129913330078125,40.892743301391604,29.83873899475986,-1.8797798156738281,24684128024.0,0.882209075640997,0.0,0.0,38.805625915527344,yes,down
2020-09-22,RCI,0,0.0,hold,0.0,0.0,0.0,52624.37991457022,up,2020-09-22,38.25852949087771,38.763104941958375,38.22884991402835,478200.0,38.63448715209961,40.74587345123291,35.23928275478329,-1.7808456420898438,24684606224.0,0.8644221139438008,0.0,0.4767,38.71820831298828,yes,up
2020-09-23,RCI,0,38.66416792159396,hold,0.0,0.0,0.0,52624.37991457022,down,2020-09-23,38.66416792159396,38.78288999517169,37.67480850219727,511500.0,37.67480850219727,40.553960990905765,30.44005521723304,-2.45361328125,24684094724.0,0.8818263553031308,0.0,0.0,37.98408508300781,yes,down
2020-09-24,RCI,0,0.0,hold,0.0,0.0,0.0,52624.37991457022,up,2020-09-24,37.496724435687455,38.30799887780527,37.43736151037148,383400.0,38.20906066894531,40.384349250793456,35.690818113060864,-1.4939346313476562,24684478124.0,0.881027141883892,0.0,0.0,37.78733825683594,yes,up
2020-09-25,RCI,0,38.12001688950821,hold,0.0,0.0,0.0,52624.37991457022,down,2020-09-25,38.12001688950821,38.486082588852334,37.70448774855323,227000.0,38.426719665527344,40.211894035339355,37.75240098649968,-0.4254264831542969,24684705124.0,0.8739248346278359,0.0,0.6124,37.6056022644043,no,up
2020-09-28,RCI,0,0.0,hold,0.0,0.0,0.0,52624.37991457022,up,2020-09-28,38.8224672140264,39.20831680297852,38.57512734684101,341700.0,39.20831680297852,40.084401321411136,44.61812706773242,1.0784034729003977,24685046824.0,0.8673299991152176,0.0,0.0,38.6522331237793,yes,up
2020-09-29,RCI,0,39.15884755032943,hold,0.0,0.0,0.0,52624.37991457022,down,2020-09-29,39.15884755032943,39.41607933823379,38.733422698939904,494900.0,39.25778198242188,40.006934547424315,45.03134606753912,0.6232948303222727,24685541724.0,0.8541390448422655,0.0,0.03645,38.532203674316406,no,up
2020-09-30,RCI,0,39.44576014994511,hold,0.0,0.0,0.0,52624.37991457022,down,2020-09-30,39.44576014994511,39.49522736754248,39.08959014467317,333400.0,39.22810363769531,39.9289644241333,44.815291407696456,1.5532951354980398,24685208324.0,0.8221032004156263,0.0,0.0,38.643131256103516,yes,down
2020-10-01,RCI,0,39.277568561306126,hold,0.0,0.0,0.0,52624.37991457022,down,2020-10-01,39.277568561306126,39.5941632643669,39.04012064695726,307900.0,39.376502990722656,39.75987701416015,46.2051369256905,1.1674423217773438,24685516224.0,0.8029560159151984,0.0,0.3787333333333333,38.746490478515625,no,up
2020-10-02,RCI,0,0.0,hold,0.0,0.0,0.0,52624.37991457022,up,2020-10-02,38.85214437640583,39.78214086056173,38.84224866883342,331100.0,39.73267364501953,39.629187965393065,49.492974679796,1.3059539794921875,24685847324.0,0.8127371713304207,2.0,0.0,39.39356994628906,yes,up
2020-10-05,RCI,0,40.02948309038091,hold,0.0,0.0,0.0,52624.37991457022,down,2020-10-05,40.02948309038091,40.07895030886177,39.307251133061136,341300.0,39.86129379272461,39.538265991210935,50.66558868074963,0.6529769897460866,24686188624.0,0.8098058859354359,0.0,0.802,39.37989807128906,no,up
2020-10-06,RCI,0,40.00969396701296,hold,0.0,0.0,0.0,52624.37991457022,down,2020-10-06,40.00969396701296,40.00969396701296,39.0005468961131,339400.0,39.05990982055664,39.41756420135498,43.83659883350226,-0.19787216186524148,24685849224.0,0.8240445420043231,0.0,0.0,39.27887725830078,yes,down
2020-10-07,RCI,0,0.0,hold,0.0,0.0,0.0,52624.37991457022,up,2020-10-07,39.07969875089544,39.841505989565206,39.07969875089544,293500.0,39.77225112915039,39.322585868835446,50.254975286020844,0.5441474914550781,24686142724.0,0.821012515361769,0.0,0.0,39.45790481567383,yes,up
2020-10-08,RCI,0,39.98001391950338,hold,0.0,0.0,0.0,52624.37991457022,down,2020-10-08,39.98001391950338,40.79128834011341,39.95033434468561,2633700.0,40.65277862548828,39.3329740524292,56.82337998639425,1.276275634765625,24688776424.0,0.8351571364761441,0.0,0.0,39.623268127441406,no,up
